doc_id,token,label
0,Cedarwood,B-Vendor
0,Furniture,I-Vendor
0,Invoice,O
0,Number,O
0,:,O
0,INV-,O
0,37014,O
0,Invoice,O
0,Date,O
0,:,O
0,07/25/2025,B-Date
0,Bill,O
0,To,O
0,:,O
0,Customer,O
0,Account,O
0,#,O
0,3565,O
0,Subtotal,O
0,:,O
0,"$1,203.52",O
0,Tax,O
0,(,O
0,5.0%,O
0,),O
0,:,O
0,$60.18,B-Tax
0,Total,O
0,Due,O
0,:,O
0,"$1,263.69",B-Total
0,Payment,O
0,is,O
0,due,O
0,within,O
0,30,O
0,days.,O
0,Thank,O
0,you,O
0,for,O
0,your,O
0,business.,O
1,Bright,B-Vendor
1,Path,I-Vendor
1,Tutoring,I-Vendor
1,Invoice,O
1,Number,O
1,:,O
1,INV-,O
1,83481,O
1,Invoice,O
1,Date,O
1,:,O
1,2024-10-05,B-Date
1,Bill,O
1,To,O
1,:,O
1,Customer,O
1,Account,O
1,#,O
1,3726,O
1,Subtotal,O
1,:,O
1,"$2,392.88",O
1,Tax,O
1,(,O
1,9.0%,O
1,),O
1,:,O
1,$215.36,B-Tax
1,Total,O
1,Due,O
1,:,O
1,"$2,608.24",B-Total
1,Payment,O
1,is,O
1,due,O
1,within,O
1,30,O
1,days.,O
1,Thank,O
1,you,O
1,for,O
1,your,O
1,business.,O
2,Pioneer,B-Vendor
2,Freight,I-Vendor
2,Services,I-Vendor
2,Invoice,O
2,Number,O
2,:,O
2,INV-,O
2,59814,O
2,Invoice,O
2,Date,O
2,:,O
2,2024-12-14,B-Date
2,Bill,O
2,To,O
2,:,O
2,Customer,O
2,Account,O
2,#,O
2,5584,O
2,Subtotal,O
2,:,O
2,"$2,572.29",O
2,Tax,O
2,(,O
2,8.0%,O
2,),O
2,:,O
2,$205.78,B-Tax
2,Total,O
2,Due,O
2,:,O
2,"$2,778.07",B-Total
2,Payment,O
2,is,O
2,due,O
2,within,O
2,30,O
2,days.,O
2,Thank,O
2,you,O
2,for,O
2,your,O
2,business.,O
3,Alpine,B-Vendor
3,Water,I-Vendor
3,Co,I-Vendor
3,Invoice,O
3,Number,O
3,:,O
3,INV-,O
3,86057,O
3,Invoice,O
3,Date,O
3,:,O
3,08/11/2025,B-Date
3,Bill,O
3,To,O
3,:,O
3,Customer,O
3,Account,O
3,#,O
3,2441,O
3,Subtotal,O
3,:,O
3,"$1,155.01",O
3,Tax,O
3,(,O
3,10.0%,O
3,),O
3,:,O
3,$115.50,B-Tax
3,Total,O
3,Due,O
3,:,O
3,"$1,270.51",B-Total
3,Payment,O
3,is,O
3,due,O
3,within,O
3,30,O
3,days.,O
3,Thank,O
3,you,O
3,for,O
3,your,O
3,business.,O
4,Bright,B-Vendor
4,Path,I-Vendor
4,Tutoring,I-Vendor
4,Invoice,O
4,Number,O
4,:,O
4,INV-,O
4,51958,O
4,Invoice,O
4,Date,O
4,:,O
4,2025-06-02,B-Date
4,Bill,O
4,To,O
4,:,O
4,Customer,O
4,Account,O
4,#,O
4,8275,O
4,Subtotal,O
4,:,O
4,"$2,622.96",O
4,Tax,O
4,(,O
4,10.0%,O
4,),O
4,:,O
4,$262.30,B-Tax
4,Total,O
4,Due,O
4,:,O
4,"$2,885.25",B-Total
4,Payment,O
4,is,O
4,due,O
4,within,O
4,30,O
4,days.,O
4,Thank,O
4,you,O
4,for,O
4,your,O
4,business.,O
5,Cedarwood,B-Vendor
5,Furniture,I-Vendor
5,Invoice,O
5,Number,O
5,:,O
5,INV-,O
5,99391,O
5,Invoice,O
5,Date,O
5,:,O
5,07/09/2024,B-Date
5,Bill,O
5,To,O
5,:,O
5,Customer,O
5,Account,O
5,#,O
5,1106,O
5,Subtotal,O
5,:,O
5,"$1,312.82",O
5,Tax,O
5,(,O
5,7.5%,O
5,),O
5,:,O
5,$98.46,B-Tax
5,Total,O
5,Due,O
5,:,O
5,"$1,411.28",B-Total
5,Payment,O
5,is,O
5,due,O
5,within,O
5,30,O
5,days.,O
5,Thank,O
5,you,O
5,for,O
5,your,O
5,business.,O
6,Blue,B-Vendor
6,Ocean,I-Vendor
6,Traders,I-Vendor
6,Invoice,O
6,Number,O
6,:,O
6,INV-,O
6,10336,O
6,Invoice,O
6,Date,O
6,:,O
6,11/07/2023,B-Date
6,Bill,O
6,To,O
6,:,O
6,Customer,O
6,Account,O
6,#,O
6,6557,O
6,Subtotal,O
6,:,O
6,"$1,910.73",O
6,Tax,O
6,(,O
6,7.5%,O
6,),O
6,:,O
6,$143.30,B-Tax
6,Total,O
6,Due,O
6,:,O
6,"$2,054.03",B-Total
6,Payment,O
6,is,O
6,due,O
6,within,O
6,30,O
6,days.,O
6,Thank,O
6,you,O
6,for,O
6,your,O
6,business.,O
7,Ironclad,B-Vendor
7,Security,I-Vendor
7,Systems,I-Vendor
7,Invoice,O
7,Number,O
7,:,O
7,INV-,O
7,94576,O
7,Invoice,O
7,Date,O
7,:,O
7,2025-04-29,B-Date
7,Bill,O
7,To,O
7,:,O
7,Customer,O
7,Account,O
7,#,O
7,8623,O
7,Subtotal,O
7,:,O
7,"$2,597.97",O
7,Tax,O
7,(,O
7,10.0%,O
7,),O
7,:,O
7,$259.80,B-Tax
7,Total,O
7,Due,O
7,:,O
7,"$2,857.77",B-Total
7,Payment,O
7,is,O
7,due,O
7,within,O
7,30,O
7,days.,O
7,Thank,O
7,you,O
7,for,O
7,your,O
7,business.,O
8,Maple,B-Vendor
8,Leaf,I-Vendor
8,Bakery,I-Vendor
8,Invoice,O
8,Number,O
8,:,O
8,INV-,O
8,55698,O
8,Invoice,O
8,Date,O
8,:,O
8,06/03/2025,B-Date
8,Bill,O
8,To,O
8,:,O
8,Customer,O
8,Account,O
8,#,O
8,6515,O
8,Subtotal,O
8,:,O
8,"$2,751.60",O
8,Tax,O
8,(,O
8,8.5%,O
8,),O
8,:,O
8,$233.89,B-Tax
8,Total,O
8,Due,O
8,:,O
8,"$2,985.49",B-Total
8,Payment,O
8,is,O
8,due,O
8,within,O
8,30,O
8,days.,O
8,Thank,O
8,you,O
8,for,O
8,your,O
8,business.,O
9,Bright,B-Vendor
9,Path,I-Vendor
9,Tutoring,I-Vendor
9,Invoice,O
9,Number,O
9,:,O
9,INV-,O
9,63849,O
9,Invoice,O
9,Date,O
9,:,O
9,2025-08-04,B-Date
9,Bill,O
9,To,O
9,:,O
9,Customer,O
9,Account,O
9,#,O
9,3907,O
9,Subtotal,O
9,:,O
9,"$1,999.40",O
9,Tax,O
9,(,O
9,5.0%,O
9,),O
9,:,O
9,$99.97,B-Tax
9,Total,O
9,Due,O
9,:,O
9,"$2,099.37",B-Total
9,Payment,O
9,is,O
9,due,O
9,within,O
9,30,O
9,days.,O
9,Thank,O
9,you,O
9,for,O
9,your,O
9,business.,O
10,Golden,B-Vendor
10,Gate,I-Vendor
10,Consulting,I-Vendor
10,Invoice,O
10,Number,O
10,:,O
10,INV-,O
10,63098,O
10,Invoice,O
10,Date,O
10,:,O
10,05/12/2023,B-Date
10,Bill,O
10,To,O
10,:,O
10,Customer,O
10,Account,O
10,#,O
10,4954,O
10,Subtotal,O
10,:,O
10,"$4,895.86",O
10,Tax,O
10,(,O
10,7.5%,O
10,),O
10,:,O
10,$367.19,B-Tax
10,Total,O
10,Due,O
10,:,O
10,"$5,263.05",B-Total
10,Payment,O
10,is,O
10,due,O
10,within,O
10,30,O
10,days.,O
10,Thank,O
10,you,O
10,for,O
10,your,O
10,business.,O
11,Delta,B-Vendor
11,Analytics,I-Vendor
11,Group,I-Vendor
11,Invoice,O
11,Number,O
11,:,O
11,INV-,O
11,42219,O
11,Invoice,O
11,Date,O
11,:,O
11,09/29/2025,B-Date
11,Bill,O
11,To,O
11,:,O
11,Customer,O
11,Account,O
11,#,O
11,3155,O
11,Subtotal,O
11,:,O
11,"$2,257.54",O
11,Tax,O
11,(,O
11,6.0%,O
11,),O
11,:,O
11,$135.45,B-Tax
11,Total,O
11,Due,O
11,:,O
11,"$2,392.99",B-Total
11,Payment,O
11,is,O
11,due,O
11,within,O
11,30,O
11,days.,O
11,Thank,O
11,you,O
11,for,O
11,your,O
11,business.,O
12,Blue,B-Vendor
12,Ocean,I-Vendor
12,Traders,I-Vendor
12,Invoice,O
12,Number,O
12,:,O
12,INV-,O
12,70458,O
12,Invoice,O
12,Date,O
12,:,O
12,2024-05-31,B-Date
12,Bill,O
12,To,O
12,:,O
12,Customer,O
12,Account,O
12,#,O
12,1128,O
12,Subtotal,O
12,:,O
12,"$1,153.52",O
12,Tax,O
12,(,O
12,5.0%,O
12,),O
12,:,O
12,$57.68,B-Tax
12,Total,O
12,Due,O
12,:,O
12,"$1,211.20",B-Total
12,Payment,O
12,is,O
12,due,O
12,within,O
12,30,O
12,days.,O
12,Thank,O
12,you,O
12,for,O
12,your,O
12,business.,O
13,Pioneer,B-Vendor
13,Freight,I-Vendor
13,Services,I-Vendor
13,Invoice,O
13,Number,O
13,:,O
13,INV-,O
13,53442,O
13,Invoice,O
13,Date,O
13,:,O
13,08/17/2023,B-Date
13,Bill,O
13,To,O
13,:,O
13,Customer,O
13,Account,O
13,#,O
13,9503,O
13,Subtotal,O
13,:,O
13,"$4,240.86",O
13,Tax,O
13,(,O
13,6.0%,O
13,),O
13,:,O
13,$254.45,B-Tax
13,Total,O
13,Due,O
13,:,O
13,"$4,495.32",B-Total
13,Payment,O
13,is,O
13,due,O
13,within,O
13,30,O
13,days.,O
13,Thank,O
13,you,O
13,for,O
13,your,O
13,business.,O
14,Delta,B-Vendor
14,Analytics,I-Vendor
14,Group,I-Vendor
14,Invoice,O
14,Number,O
14,:,O
14,INV-,O
14,93510,O
14,Invoice,O
14,Date,O
14,:,O
14,04/05/2026,B-Date
14,Bill,O
14,To,O
14,:,O
14,Customer,O
14,Account,O
14,#,O
14,3208,O
14,Subtotal,O
14,:,O
14,"$1,043.07",O
14,Tax,O
14,(,O
14,9.0%,O
14,),O
14,:,O
14,$93.88,B-Tax
14,Total,O
14,Due,O
14,:,O
14,"$1,136.95",B-Total
14,Payment,O
14,is,O
14,due,O
14,within,O
14,30,O
14,days.,O
14,Thank,O
14,you,O
14,for,O
14,your,O
14,business.,O
15,Sunrise,B-Vendor
15,Printing,I-Vendor
15,Co,I-Vendor
15,Invoice,O
15,Number,O
15,:,O
15,INV-,O
15,15455,O
15,Invoice,O
15,Date,O
15,:,O
15,2024-11-30,B-Date
15,Bill,O
15,To,O
15,:,O
15,Customer,O
15,Account,O
15,#,O
15,4386,O
15,Subtotal,O
15,:,O
15,"$2,891.50",O
15,Tax,O
15,(,O
15,8.5%,O
15,),O
15,:,O
15,$245.78,B-Tax
15,Total,O
15,Due,O
15,:,O
15,"$3,137.28",B-Total
15,Payment,O
15,is,O
15,due,O
15,within,O
15,30,O
15,days.,O
15,Thank,O
15,you,O
15,for,O
15,your,O
15,business.,O
16,Alpine,B-Vendor
16,Water,I-Vendor
16,Co,I-Vendor
16,Invoice,O
16,Number,O
16,:,O
16,INV-,O
16,52095,O
16,Invoice,O
16,Date,O
16,:,O
16,2024-09-02,B-Date
16,Bill,O
16,To,O
16,:,O
16,Customer,O
16,Account,O
16,#,O
16,7852,O
16,Subtotal,O
16,:,O
16,"$4,393.47",O
16,Tax,O
16,(,O
16,8.0%,O
16,),O
16,:,O
16,$351.48,B-Tax
16,Total,O
16,Due,O
16,:,O
16,"$4,744.95",B-Total
16,Payment,O
16,is,O
16,due,O
16,within,O
16,30,O
16,days.,O
16,Thank,O
16,you,O
16,for,O
16,your,O
16,business.,O
17,Willow,B-Vendor
17,Creek,I-Vendor
17,Farms,I-Vendor
17,Invoice,O
17,Number,O
17,:,O
17,INV-,O
17,82335,O
17,Invoice,O
17,Date,O
17,:,O
17,2024-10-02,B-Date
17,Bill,O
17,To,O
17,:,O
17,Customer,O
17,Account,O
17,#,O
17,1273,O
17,Subtotal,O
17,:,O
17,"$1,923.71",O
17,Tax,O
17,(,O
17,5.0%,O
17,),O
17,:,O
17,$96.19,B-Tax
17,Total,O
17,Due,O
17,:,O
17,"$2,019.89",B-Total
17,Payment,O
17,is,O
17,due,O
17,within,O
17,30,O
17,days.,O
17,Thank,O
17,you,O
17,for,O
17,your,O
17,business.,O
18,Cedarwood,B-Vendor
18,Furniture,I-Vendor
18,Invoice,O
18,Number,O
18,:,O
18,INV-,O
18,57136,O
18,Invoice,O
18,Date,O
18,:,O
18,02/19/2023,B-Date
18,Bill,O
18,To,O
18,:,O
18,Customer,O
18,Account,O
18,#,O
18,4899,O
18,Subtotal,O
18,:,O
18,"$2,198.28",O
18,Tax,O
18,(,O
18,5.0%,O
18,),O
18,:,O
18,$109.91,B-Tax
18,Total,O
18,Due,O
18,:,O
18,"$2,308.19",B-Total
18,Payment,O
18,is,O
18,due,O
18,within,O
18,30,O
18,days.,O
18,Thank,O
18,you,O
18,for,O
18,your,O
18,business.,O
19,Bright,B-Vendor
19,Path,I-Vendor
19,Tutoring,I-Vendor
19,Invoice,O
19,Number,O
19,:,O
19,INV-,O
19,91302,O
19,Invoice,O
19,Date,O
19,:,O
19,2023-08-09,B-Date
19,Bill,O
19,To,O
19,:,O
19,Customer,O
19,Account,O
19,#,O
19,5671,O
19,Subtotal,O
19,:,O
19,"$1,841.53",O
19,Tax,O
19,(,O
19,8.5%,O
19,),O
19,:,O
19,$156.53,B-Tax
19,Total,O
19,Due,O
19,:,O
19,"$1,998.06",B-Total
19,Payment,O
19,is,O
19,due,O
19,within,O
19,30,O
19,days.,O
19,Thank,O
19,you,O
19,for,O
19,your,O
19,business.,O
20,Willow,B-Vendor
20,Creek,I-Vendor
20,Farms,I-Vendor
20,Invoice,O
20,Number,O
20,:,O
20,INV-,O
20,10466,O
20,Invoice,O
20,Date,O
20,:,O
20,12/05/2026,B-Date
20,Bill,O
20,To,O
20,:,O
20,Customer,O
20,Account,O
20,#,O
20,6184,O
20,Subtotal,O
20,:,O
20,"$4,673.76",O
20,Tax,O
20,(,O
20,7.0%,O
20,),O
20,:,O
20,$327.16,B-Tax
20,Total,O
20,Due,O
20,:,O
20,"$5,000.92",B-Total
20,Payment,O
20,is,O
20,due,O
20,within,O
20,30,O
20,days.,O
20,Thank,O
20,you,O
20,for,O
20,your,O
20,business.,O
21,Quantum,B-Vendor
21,Electronics,I-Vendor
21,Invoice,O
21,Number,O
21,:,O
21,INV-,O
21,97336,O
21,Invoice,O
21,Date,O
21,:,O
21,02/24/2025,B-Date
21,Bill,O
21,To,O
21,:,O
21,Customer,O
21,Account,O
21,#,O
21,1128,O
21,Subtotal,O
21,:,O
21,"$4,094.76",O
21,Tax,O
21,(,O
21,7.5%,O
21,),O
21,:,O
21,$307.11,B-Tax
21,Total,O
21,Due,O
21,:,O
21,"$4,401.86",B-Total
21,Payment,O
21,is,O
21,due,O
21,within,O
21,30,O
21,days.,O
21,Thank,O
21,you,O
21,for,O
21,your,O
21,business.,O
22,Bright,B-Vendor
22,Path,I-Vendor
22,Tutoring,I-Vendor
22,Invoice,O
22,Number,O
22,:,O
22,INV-,O
22,30377,O
22,Invoice,O
22,Date,O
22,:,O
22,12/16/2025,B-Date
22,Bill,O
22,To,O
22,:,O
22,Customer,O
22,Account,O
22,#,O
22,2735,O
22,Subtotal,O
22,:,O
22,"$3,656.66",O
22,Tax,O
22,(,O
22,6.0%,O
22,),O
22,:,O
22,$219.40,B-Tax
22,Total,O
22,Due,O
22,:,O
22,"$3,876.06",B-Total
22,Payment,O
22,is,O
22,due,O
22,within,O
22,30,O
22,days.,O
22,Thank,O
22,you,O
22,for,O
22,your,O
22,business.,O
23,Silverline,B-Vendor
23,Logistics,I-Vendor
23,Invoice,O
23,Number,O
23,:,O
23,INV-,O
23,87990,O
23,Invoice,O
23,Date,O
23,:,O
23,2023-03-13,B-Date
23,Bill,O
23,To,O
23,:,O
23,Customer,O
23,Account,O
23,#,O
23,6159,O
23,Subtotal,O
23,:,O
23,"$4,745.81",O
23,Tax,O
23,(,O
23,7.0%,O
23,),O
23,:,O
23,$332.21,B-Tax
23,Total,O
23,Due,O
23,:,O
23,"$5,078.01",B-Total
23,Payment,O
23,is,O
23,due,O
23,within,O
23,30,O
23,days.,O
23,Thank,O
23,you,O
23,for,O
23,your,O
23,business.,O
24,Alpine,B-Vendor
24,Water,I-Vendor
24,Co,I-Vendor
24,Invoice,O
24,Number,O
24,:,O
24,INV-,O
24,98234,O
24,Invoice,O
24,Date,O
24,:,O
24,2024-02-27,B-Date
24,Bill,O
24,To,O
24,:,O
24,Customer,O
24,Account,O
24,#,O
24,2422,O
24,Subtotal,O
24,:,O
24,"$2,277.94",O
24,Tax,O
24,(,O
24,6.0%,O
24,),O
24,:,O
24,$136.68,B-Tax
24,Total,O
24,Due,O
24,:,O
24,"$2,414.62",B-Total
24,Payment,O
24,is,O
24,due,O
24,within,O
24,30,O
24,days.,O
24,Thank,O
24,you,O
24,for,O
24,your,O
24,business.,O
25,Willow,B-Vendor
25,Creek,I-Vendor
25,Farms,I-Vendor
25,Invoice,O
25,Number,O
25,:,O
25,INV-,O
25,84821,O
25,Invoice,O
25,Date,O
25,:,O
25,11/24/2026,B-Date
25,Bill,O
25,To,O
25,:,O
25,Customer,O
25,Account,O
25,#,O
25,4839,O
25,Subtotal,O
25,:,O
25,"$2,945.20",O
25,Tax,O
25,(,O
25,8.5%,O
25,),O
25,:,O
25,$250.34,B-Tax
25,Total,O
25,Due,O
25,:,O
25,"$3,195.54",B-Total
25,Payment,O
25,is,O
25,due,O
25,within,O
25,30,O
25,days.,O
25,Thank,O
25,you,O
25,for,O
25,your,O
25,business.,O
26,Cedarwood,B-Vendor
26,Furniture,I-Vendor
26,Invoice,O
26,Number,O
26,:,O
26,INV-,O
26,48699,O
26,Invoice,O
26,Date,O
26,:,O
26,2026-09-28,B-Date
26,Bill,O
26,To,O
26,:,O
26,Customer,O
26,Account,O
26,#,O
26,2464,O
26,Subtotal,O
26,:,O
26,$436.71,O
26,Tax,O
26,(,O
26,6.0%,O
26,),O
26,:,O
26,$26.20,B-Tax
26,Total,O
26,Due,O
26,:,O
26,$462.91,B-Total
26,Payment,O
26,is,O
26,due,O
26,within,O
26,30,O
26,days.,O
26,Thank,O
26,you,O
26,for,O
26,your,O
26,business.,O
27,Willow,B-Vendor
27,Creek,I-Vendor
27,Farms,I-Vendor
27,Invoice,O
27,Number,O
27,:,O
27,INV-,O
27,37900,O
27,Invoice,O
27,Date,O
27,:,O
27,04/24/2025,B-Date
27,Bill,O
27,To,O
27,:,O
27,Customer,O
27,Account,O
27,#,O
27,7453,O
27,Subtotal,O
27,:,O
27,"$3,414.71",O
27,Tax,O
27,(,O
27,9.0%,O
27,),O
27,:,O
27,$307.32,B-Tax
27,Total,O
27,Due,O
27,:,O
27,"$3,722.03",B-Total
27,Payment,O
27,is,O
27,due,O
27,within,O
27,30,O
27,days.,O
27,Thank,O
27,you,O
27,for,O
27,your,O
27,business.,O
28,Nordic,B-Vendor
28,Timber,I-Vendor
28,Group,I-Vendor
28,Invoice,O
28,Number,O
28,:,O
28,INV-,O
28,28261,O
28,Invoice,O
28,Date,O
28,:,O
28,04/10/2025,B-Date
28,Bill,O
28,To,O
28,:,O
28,Customer,O
28,Account,O
28,#,O
28,2520,O
28,Subtotal,O
28,:,O
28,"$2,051.55",O
28,Tax,O
28,(,O
28,8.5%,O
28,),O
28,:,O
28,$174.38,B-Tax
28,Total,O
28,Due,O
28,:,O
28,"$2,225.93",B-Total
28,Payment,O
28,is,O
28,due,O
28,within,O
28,30,O
28,days.,O
28,Thank,O
28,you,O
28,for,O
28,your,O
28,business.,O
29,Blue,B-Vendor
29,Ocean,I-Vendor
29,Traders,I-Vendor
29,Invoice,O
29,Number,O
29,:,O
29,INV-,O
29,77201,O
29,Invoice,O
29,Date,O
29,:,O
29,2024-11-25,B-Date
29,Bill,O
29,To,O
29,:,O
29,Customer,O
29,Account,O
29,#,O
29,6433,O
29,Subtotal,O
29,:,O
29,$650.79,O
29,Tax,O
29,(,O
29,9.0%,O
29,),O
29,:,O
29,$58.57,B-Tax
29,Total,O
29,Due,O
29,:,O
29,$709.36,B-Total
29,Payment,O
29,is,O
29,due,O
29,within,O
29,30,O
29,days.,O
29,Thank,O
29,you,O
29,for,O
29,your,O
29,business.,O
30,Cedarwood,B-Vendor
30,Furniture,I-Vendor
30,Invoice,O
30,Number,O
30,:,O
30,INV-,O
30,96520,O
30,Invoice,O
30,Date,O
30,:,O
30,06/20/2024,B-Date
30,Bill,O
30,To,O
30,:,O
30,Customer,O
30,Account,O
30,#,O
30,7794,O
30,Subtotal,O
30,:,O
30,"$1,602.63",O
30,Tax,O
30,(,O
30,6.0%,O
30,),O
30,:,O
30,$96.16,B-Tax
30,Total,O
30,Due,O
30,:,O
30,"$1,698.79",B-Total
30,Payment,O
30,is,O
30,due,O
30,within,O
30,30,O
30,days.,O
30,Thank,O
30,you,O
30,for,O
30,your,O
30,business.,O
31,Titan,B-Vendor
31,Steel,I-Vendor
31,Works,I-Vendor
31,Invoice,O
31,Number,O
31,:,O
31,INV-,O
31,70983,O
31,Invoice,O
31,Date,O
31,:,O
31,08/03/2024,B-Date
31,Bill,O
31,To,O
31,:,O
31,Customer,O
31,Account,O
31,#,O
31,4703,O
31,Subtotal,O
31,:,O
31,$403.14,O
31,Tax,O
31,(,O
31,6.0%,O
31,),O
31,:,O
31,$24.19,B-Tax
31,Total,O
31,Due,O
31,:,O
31,$427.33,B-Total
31,Payment,O
31,is,O
31,due,O
31,within,O
31,30,O
31,days.,O
31,Thank,O
31,you,O
31,for,O
31,your,O
31,business.,O
32,Acme,B-Vendor
32,Supply,I-Vendor
32,Co,I-Vendor
32,Invoice,O
32,Number,O
32,:,O
32,INV-,O
32,92201,O
32,Invoice,O
32,Date,O
32,:,O
32,11/22/2026,B-Date
32,Bill,O
32,To,O
32,:,O
32,Customer,O
32,Account,O
32,#,O
32,7246,O
32,Subtotal,O
32,:,O
32,$654.70,O
32,Tax,O
32,(,O
32,10.0%,O
32,),O
32,:,O
32,$65.47,B-Tax
32,Total,O
32,Due,O
32,:,O
32,$720.17,B-Total
32,Payment,O
32,is,O
32,due,O
32,within,O
32,30,O
32,days.,O
32,Thank,O
32,you,O
32,for,O
32,your,O
32,business.,O
33,Ironclad,B-Vendor
33,Security,I-Vendor
33,Systems,I-Vendor
33,Invoice,O
33,Number,O
33,:,O
33,INV-,O
33,25318,O
33,Invoice,O
33,Date,O
33,:,O
33,07/26/2026,B-Date
33,Bill,O
33,To,O
33,:,O
33,Customer,O
33,Account,O
33,#,O
33,1272,O
33,Subtotal,O
33,:,O
33,$328.60,O
33,Tax,O
33,(,O
33,10.0%,O
33,),O
33,:,O
33,$32.86,B-Tax
33,Total,O
33,Due,O
33,:,O
33,$361.46,B-Total
33,Payment,O
33,is,O
33,due,O
33,within,O
33,30,O
33,days.,O
33,Thank,O
33,you,O
33,for,O
33,your,O
33,business.,O
34,Harbor,B-Vendor
34,View,I-Vendor
34,Office,I-Vendor
34,Supplies,I-Vendor
34,Invoice,O
34,Number,O
34,:,O
34,INV-,O
34,61034,O
34,Invoice,O
34,Date,O
34,:,O
34,2023-09-08,B-Date
34,Bill,O
34,To,O
34,:,O
34,Customer,O
34,Account,O
34,#,O
34,3195,O
34,Subtotal,O
34,:,O
34,"$1,018.77",O
34,Tax,O
34,(,O
34,10.0%,O
34,),O
34,:,O
34,$101.88,B-Tax
34,Total,O
34,Due,O
34,:,O
34,"$1,120.64",B-Total
34,Payment,O
34,is,O
34,due,O
34,within,O
34,30,O
34,days.,O
34,Thank,O
34,you,O
34,for,O
34,your,O
34,business.,O
35,Acme,B-Vendor
35,Supply,I-Vendor
35,Co,I-Vendor
35,Invoice,O
35,Number,O
35,:,O
35,INV-,O
35,51016,O
35,Invoice,O
35,Date,O
35,:,O
35,02/04/2023,B-Date
35,Bill,O
35,To,O
35,:,O
35,Customer,O
35,Account,O
35,#,O
35,3794,O
35,Subtotal,O
35,:,O
35,$203.27,O
35,Tax,O
35,(,O
35,8.5%,O
35,),O
35,:,O
35,$17.28,B-Tax
35,Total,O
35,Due,O
35,:,O
35,$220.55,B-Total
35,Payment,O
35,is,O
35,due,O
35,within,O
35,30,O
35,days.,O
35,Thank,O
35,you,O
35,for,O
35,your,O
35,business.,O
36,Sunrise,B-Vendor
36,Printing,I-Vendor
36,Co,I-Vendor
36,Invoice,O
36,Number,O
36,:,O
36,INV-,O
36,64966,O
36,Invoice,O
36,Date,O
36,:,O
36,08/26/2026,B-Date
36,Bill,O
36,To,O
36,:,O
36,Customer,O
36,Account,O
36,#,O
36,3132,O
36,Subtotal,O
36,:,O
36,"$3,324.33",O
36,Tax,O
36,(,O
36,6.0%,O
36,),O
36,:,O
36,$199.46,B-Tax
36,Total,O
36,Due,O
36,:,O
36,"$3,523.79",B-Total
36,Payment,O
36,is,O
36,due,O
36,within,O
36,30,O
36,days.,O
36,Thank,O
36,you,O
36,for,O
36,your,O
36,business.,O
37,Silverline,B-Vendor
37,Logistics,I-Vendor
37,Invoice,O
37,Number,O
37,:,O
37,INV-,O
37,91049,O
37,Invoice,O
37,Date,O
37,:,O
37,01/08/2024,B-Date
37,Bill,O
37,To,O
37,:,O
37,Customer,O
37,Account,O
37,#,O
37,8685,O
37,Subtotal,O
37,:,O
37,"$4,804.35",O
37,Tax,O
37,(,O
37,9.0%,O
37,),O
37,:,O
37,$432.39,B-Tax
37,Total,O
37,Due,O
37,:,O
37,"$5,236.74",B-Total
37,Payment,O
37,is,O
37,due,O
37,within,O
37,30,O
37,days.,O
37,Thank,O
37,you,O
37,for,O
37,your,O
37,business.,O
38,Acme,B-Vendor
38,Supply,I-Vendor
38,Co,I-Vendor
38,Invoice,O
38,Number,O
38,:,O
38,INV-,O
38,66394,O
38,Invoice,O
38,Date,O
38,:,O
38,2023-11-10,B-Date
38,Bill,O
38,To,O
38,:,O
38,Customer,O
38,Account,O
38,#,O
38,2135,O
38,Subtotal,O
38,:,O
38,$652.31,O
38,Tax,O
38,(,O
38,7.0%,O
38,),O
38,:,O
38,$45.66,B-Tax
38,Total,O
38,Due,O
38,:,O
38,$697.98,B-Total
38,Payment,O
38,is,O
38,due,O
38,within,O
38,30,O
38,days.,O
38,Thank,O
38,you,O
38,for,O
38,your,O
38,business.,O
39,Quantum,B-Vendor
39,Electronics,I-Vendor
39,Invoice,O
39,Number,O
39,:,O
39,INV-,O
39,84565,O
39,Invoice,O
39,Date,O
39,:,O
39,2025-11-14,B-Date
39,Bill,O
39,To,O
39,:,O
39,Customer,O
39,Account,O
39,#,O
39,7900,O
39,Subtotal,O
39,:,O
39,$732.78,O
39,Tax,O
39,(,O
39,9.0%,O
39,),O
39,:,O
39,$65.95,B-Tax
39,Total,O
39,Due,O
39,:,O
39,$798.73,B-Total
39,Payment,O
39,is,O
39,due,O
39,within,O
39,30,O
39,days.,O
39,Thank,O
39,you,O
39,for,O
39,your,O
39,business.,O
40,Quantum,B-Vendor
40,Electronics,I-Vendor
40,Invoice,O
40,Number,O
40,:,O
40,INV-,O
40,64839,O
40,Invoice,O
40,Date,O
40,:,O
40,2026-08-18,B-Date
40,Bill,O
40,To,O
40,:,O
40,Customer,O
40,Account,O
40,#,O
40,8143,O
40,Subtotal,O
40,:,O
40,"$3,229.87",O
40,Tax,O
40,(,O
40,7.0%,O
40,),O
40,:,O
40,$226.09,B-Tax
40,Total,O
40,Due,O
40,:,O
40,"$3,455.97",B-Total
40,Payment,O
40,is,O
40,due,O
40,within,O
40,30,O
40,days.,O
40,Thank,O
40,you,O
40,for,O
40,your,O
40,business.,O
41,Blue,B-Vendor
41,Ocean,I-Vendor
41,Traders,I-Vendor
41,Invoice,O
41,Number,O
41,:,O
41,INV-,O
41,42551,O
41,Invoice,O
41,Date,O
41,:,O
41,08/29/2023,B-Date
41,Bill,O
41,To,O
41,:,O
41,Customer,O
41,Account,O
41,#,O
41,3944,O
41,Subtotal,O
41,:,O
41,"$4,037.21",O
41,Tax,O
41,(,O
41,9.0%,O
41,),O
41,:,O
41,$363.35,B-Tax
41,Total,O
41,Due,O
41,:,O
41,"$4,400.56",B-Total
41,Payment,O
41,is,O
41,due,O
41,within,O
41,30,O
41,days.,O
41,Thank,O
41,you,O
41,for,O
41,your,O
41,business.,O
42,Blue,B-Vendor
42,Ocean,I-Vendor
42,Traders,I-Vendor
42,Invoice,O
42,Number,O
42,:,O
42,INV-,O
42,12403,O
42,Invoice,O
42,Date,O
42,:,O
42,06/27/2025,B-Date
42,Bill,O
42,To,O
42,:,O
42,Customer,O
42,Account,O
42,#,O
42,5426,O
42,Subtotal,O
42,:,O
42,$891.41,O
42,Tax,O
42,(,O
42,7.0%,O
42,),O
42,:,O
42,$62.40,B-Tax
42,Total,O
42,Due,O
42,:,O
42,$953.81,B-Total
42,Payment,O
42,is,O
42,due,O
42,within,O
42,30,O
42,days.,O
42,Thank,O
42,you,O
42,for,O
42,your,O
42,business.,O
43,Evergreen,B-Vendor
43,Landscaping,I-Vendor
43,Invoice,O
43,Number,O
43,:,O
43,INV-,O
43,24553,O
43,Invoice,O
43,Date,O
43,:,O
43,2023-07-20,B-Date
43,Bill,O
43,To,O
43,:,O
43,Customer,O
43,Account,O
43,#,O
43,3274,O
43,Subtotal,O
43,:,O
43,"$1,958.67",O
43,Tax,O
43,(,O
43,10.0%,O
43,),O
43,:,O
43,$195.87,B-Tax
43,Total,O
43,Due,O
43,:,O
43,"$2,154.53",B-Total
43,Payment,O
43,is,O
43,due,O
43,within,O
43,30,O
43,days.,O
43,Thank,O
43,you,O
43,for,O
43,your,O
43,business.,O
44,Bright,B-Vendor
44,Path,I-Vendor
44,Tutoring,I-Vendor
44,Invoice,O
44,Number,O
44,:,O
44,INV-,O
44,22034,O
44,Invoice,O
44,Date,O
44,:,O
44,08/04/2024,B-Date
44,Bill,O
44,To,O
44,:,O
44,Customer,O
44,Account,O
44,#,O
44,2727,O
44,Subtotal,O
44,:,O
44,"$1,964.87",O
44,Tax,O
44,(,O
44,9.0%,O
44,),O
44,:,O
44,$176.84,B-Tax
44,Total,O
44,Due,O
44,:,O
44,"$2,141.70",B-Total
44,Payment,O
44,is,O
44,due,O
44,within,O
44,30,O
44,days.,O
44,Thank,O
44,you,O
44,for,O
44,your,O
44,business.,O
45,Evergreen,B-Vendor
45,Landscaping,I-Vendor
45,Invoice,O
45,Number,O
45,:,O
45,INV-,O
45,36638,O
45,Invoice,O
45,Date,O
45,:,O
45,05/10/2025,B-Date
45,Bill,O
45,To,O
45,:,O
45,Customer,O
45,Account,O
45,#,O
45,2935,O
45,Subtotal,O
45,:,O
45,"$2,743.66",O
45,Tax,O
45,(,O
45,7.0%,O
45,),O
45,:,O
45,$192.06,B-Tax
45,Total,O
45,Due,O
45,:,O
45,"$2,935.71",B-Total
45,Payment,O
45,is,O
45,due,O
45,within,O
45,30,O
45,days.,O
45,Thank,O
45,you,O
45,for,O
45,your,O
45,business.,O
46,Maple,B-Vendor
46,Leaf,I-Vendor
46,Bakery,I-Vendor
46,Invoice,O
46,Number,O
46,:,O
46,INV-,O
46,77745,O
46,Invoice,O
46,Date,O
46,:,O
46,2023-11-14,B-Date
46,Bill,O
46,To,O
46,:,O
46,Customer,O
46,Account,O
46,#,O
46,7954,O
46,Subtotal,O
46,:,O
46,$499.50,O
46,Tax,O
46,(,O
46,7.0%,O
46,),O
46,:,O
46,$34.97,B-Tax
46,Total,O
46,Due,O
46,:,O
46,$534.47,B-Total
46,Payment,O
46,is,O
46,due,O
46,within,O
46,30,O
46,days.,O
46,Thank,O
46,you,O
46,for,O
46,your,O
46,business.,O
47,Sunrise,B-Vendor
47,Printing,I-Vendor
47,Co,I-Vendor
47,Invoice,O
47,Number,O
47,:,O
47,INV-,O
47,55164,O
47,Invoice,O
47,Date,O
47,:,O
47,2023-01-07,B-Date
47,Bill,O
47,To,O
47,:,O
47,Customer,O
47,Account,O
47,#,O
47,2198,O
47,Subtotal,O
47,:,O
47,$742.29,O
47,Tax,O
47,(,O
47,9.0%,O
47,),O
47,:,O
47,$66.81,B-Tax
47,Total,O
47,Due,O
47,:,O
47,$809.09,B-Total
47,Payment,O
47,is,O
47,due,O
47,within,O
47,30,O
47,days.,O
47,Thank,O
47,you,O
47,for,O
47,your,O
47,business.,O
48,Ironclad,B-Vendor
48,Security,I-Vendor
48,Systems,I-Vendor
48,Invoice,O
48,Number,O
48,:,O
48,INV-,O
48,37576,O
48,Invoice,O
48,Date,O
48,:,O
48,2023-09-28,B-Date
48,Bill,O
48,To,O
48,:,O
48,Customer,O
48,Account,O
48,#,O
48,7783,O
48,Subtotal,O
48,:,O
48,"$1,419.30",O
48,Tax,O
48,(,O
48,9.0%,O
48,),O
48,:,O
48,$127.74,B-Tax
48,Total,O
48,Due,O
48,:,O
48,"$1,547.03",B-Total
48,Payment,O
48,is,O
48,due,O
48,within,O
48,30,O
48,days.,O
48,Thank,O
48,you,O
48,for,O
48,your,O
48,business.,O
49,Ironclad,B-Vendor
49,Security,I-Vendor
49,Systems,I-Vendor
49,Invoice,O
49,Number,O
49,:,O
49,INV-,O
49,88006,O
49,Invoice,O
49,Date,O
49,:,O
49,03/01/2026,B-Date
49,Bill,O
49,To,O
49,:,O
49,Customer,O
49,Account,O
49,#,O
49,4377,O
49,Subtotal,O
49,:,O
49,"$4,431.22",O
49,Tax,O
49,(,O
49,7.5%,O
49,),O
49,:,O
49,$332.34,B-Tax
49,Total,O
49,Due,O
49,:,O
49,"$4,763.56",B-Total
49,Payment,O
49,is,O
49,due,O
49,within,O
49,30,O
49,days.,O
49,Thank,O
49,you,O
49,for,O
49,your,O
49,business.,O
50,Pioneer,B-Vendor
50,Freight,I-Vendor
50,Services,I-Vendor
50,Invoice,O
50,Number,O
50,:,O
50,INV-,O
50,84318,O
50,Invoice,O
50,Date,O
50,:,O
50,2025-08-23,B-Date
50,Bill,O
50,To,O
50,:,O
50,Customer,O
50,Account,O
50,#,O
50,8649,O
50,Subtotal,O
50,:,O
50,"$3,904.72",O
50,Tax,O
50,(,O
50,8.0%,O
50,),O
50,:,O
50,$312.38,B-Tax
50,Total,O
50,Due,O
50,:,O
50,"$4,217.10",B-Total
50,Payment,O
50,is,O
50,due,O
50,within,O
50,30,O
50,days.,O
50,Thank,O
50,you,O
50,for,O
50,your,O
50,business.,O
51,Evergreen,B-Vendor
51,Landscaping,I-Vendor
51,Invoice,O
51,Number,O
51,:,O
51,INV-,O
51,83399,O
51,Invoice,O
51,Date,O
51,:,O
51,2025-01-08,B-Date
51,Bill,O
51,To,O
51,:,O
51,Customer,O
51,Account,O
51,#,O
51,2717,O
51,Subtotal,O
51,:,O
51,"$3,811.55",O
51,Tax,O
51,(,O
51,8.0%,O
51,),O
51,:,O
51,$304.92,B-Tax
51,Total,O
51,Due,O
51,:,O
51,"$4,116.48",B-Total
51,Payment,O
51,is,O
51,due,O
51,within,O
51,30,O
51,days.,O
51,Thank,O
51,you,O
51,for,O
51,your,O
51,business.,O
52,Redwood,B-Vendor
52,Hardware,I-Vendor
52,Invoice,O
52,Number,O
52,:,O
52,INV-,O
52,21316,O
52,Invoice,O
52,Date,O
52,:,O
52,03/24/2024,B-Date
52,Bill,O
52,To,O
52,:,O
52,Customer,O
52,Account,O
52,#,O
52,8996,O
52,Subtotal,O
52,:,O
52,"$4,493.27",O
52,Tax,O
52,(,O
52,8.0%,O
52,),O
52,:,O
52,$359.46,B-Tax
52,Total,O
52,Due,O
52,:,O
52,"$4,852.74",B-Total
52,Payment,O
52,is,O
52,due,O
52,within,O
52,30,O
52,days.,O
52,Thank,O
52,you,O
52,for,O
52,your,O
52,business.,O
53,Silverline,B-Vendor
53,Logistics,I-Vendor
53,Invoice,O
53,Number,O
53,:,O
53,INV-,O
53,67236,O
53,Invoice,O
53,Date,O
53,:,O
53,08/05/2024,B-Date
53,Bill,O
53,To,O
53,:,O
53,Customer,O
53,Account,O
53,#,O
53,9451,O
53,Subtotal,O
53,:,O
53,"$4,984.18",O
53,Tax,O
53,(,O
53,8.5%,O
53,),O
53,:,O
53,$423.66,B-Tax
53,Total,O
53,Due,O
53,:,O
53,"$5,407.83",B-Total
53,Payment,O
53,is,O
53,due,O
53,within,O
53,30,O
53,days.,O
53,Thank,O
53,you,O
53,for,O
53,your,O
53,business.,O
54,Quantum,B-Vendor
54,Electronics,I-Vendor
54,Invoice,O
54,Number,O
54,:,O
54,INV-,O
54,26599,O
54,Invoice,O
54,Date,O
54,:,O
54,08/13/2026,B-Date
54,Bill,O
54,To,O
54,:,O
54,Customer,O
54,Account,O
54,#,O
54,8865,O
54,Subtotal,O
54,:,O
54,"$3,242.02",O
54,Tax,O
54,(,O
54,6.0%,O
54,),O
54,:,O
54,$194.52,B-Tax
54,Total,O
54,Due,O
54,:,O
54,"$3,436.54",B-Total
54,Payment,O
54,is,O
54,due,O
54,within,O
54,30,O
54,days.,O
54,Thank,O
54,you,O
54,for,O
54,your,O
54,business.,O
55,Quantum,B-Vendor
55,Electronics,I-Vendor
55,Invoice,O
55,Number,O
55,:,O
55,INV-,O
55,40629,O
55,Invoice,O
55,Date,O
55,:,O
55,09/07/2024,B-Date
55,Bill,O
55,To,O
55,:,O
55,Customer,O
55,Account,O
55,#,O
55,4777,O
55,Subtotal,O
55,:,O
55,"$1,953.08",O
55,Tax,O
55,(,O
55,7.5%,O
55,),O
55,:,O
55,$146.48,B-Tax
55,Total,O
55,Due,O
55,:,O
55,"$2,099.56",B-Total
55,Payment,O
55,is,O
55,due,O
55,within,O
55,30,O
55,days.,O
55,Thank,O
55,you,O
55,for,O
55,your,O
55,business.,O
56,Titan,B-Vendor
56,Steel,I-Vendor
56,Works,I-Vendor
56,Invoice,O
56,Number,O
56,:,O
56,INV-,O
56,59322,O
56,Invoice,O
56,Date,O
56,:,O
56,06/17/2023,B-Date
56,Bill,O
56,To,O
56,:,O
56,Customer,O
56,Account,O
56,#,O
56,1182,O
56,Subtotal,O
56,:,O
56,"$1,998.84",O
56,Tax,O
56,(,O
56,10.0%,O
56,),O
56,:,O
56,$199.88,B-Tax
56,Total,O
56,Due,O
56,:,O
56,"$2,198.73",B-Total
56,Payment,O
56,is,O
56,due,O
56,within,O
56,30,O
56,days.,O
56,Thank,O
56,you,O
56,for,O
56,your,O
56,business.,O
57,Maple,B-Vendor
57,Leaf,I-Vendor
57,Bakery,I-Vendor
57,Invoice,O
57,Number,O
57,:,O
57,INV-,O
57,81409,O
57,Invoice,O
57,Date,O
57,:,O
57,2023-10-08,B-Date
57,Bill,O
57,To,O
57,:,O
57,Customer,O
57,Account,O
57,#,O
57,2240,O
57,Subtotal,O
57,:,O
57,"$1,998.42",O
57,Tax,O
57,(,O
57,10.0%,O
57,),O
57,:,O
57,$199.84,B-Tax
57,Total,O
57,Due,O
57,:,O
57,"$2,198.26",B-Total
57,Payment,O
57,is,O
57,due,O
57,within,O
57,30,O
57,days.,O
57,Thank,O
57,you,O
57,for,O
57,your,O
57,business.,O
58,Acme,B-Vendor
58,Supply,I-Vendor
58,Co,I-Vendor
58,Invoice,O
58,Number,O
58,:,O
58,INV-,O
58,84278,O
58,Invoice,O
58,Date,O
58,:,O
58,02/05/2026,B-Date
58,Bill,O
58,To,O
58,:,O
58,Customer,O
58,Account,O
58,#,O
58,4369,O
58,Subtotal,O
58,:,O
58,"$3,592.11",O
58,Tax,O
58,(,O
58,10.0%,O
58,),O
58,:,O
58,$359.21,B-Tax
58,Total,O
58,Due,O
58,:,O
58,"$3,951.32",B-Total
58,Payment,O
58,is,O
58,due,O
58,within,O
58,30,O
58,days.,O
58,Thank,O
58,you,O
58,for,O
58,your,O
58,business.,O
59,Cedarwood,B-Vendor
59,Furniture,I-Vendor
59,Invoice,O
59,Number,O
59,:,O
59,INV-,O
59,26069,O
59,Invoice,O
59,Date,O
59,:,O
59,2024-02-20,B-Date
59,Bill,O
59,To,O
59,:,O
59,Customer,O
59,Account,O
59,#,O
59,2591,O
59,Subtotal,O
59,:,O
59,$672.11,O
59,Tax,O
59,(,O
59,10.0%,O
59,),O
59,:,O
59,$67.21,B-Tax
59,Total,O
59,Due,O
59,:,O
59,$739.32,B-Total
59,Payment,O
59,is,O
59,due,O
59,within,O
59,30,O
59,days.,O
59,Thank,O
59,you,O
59,for,O
59,your,O
59,business.,O
60,Willow,B-Vendor
60,Creek,I-Vendor
60,Farms,I-Vendor
60,Invoice,O
60,Number,O
60,:,O
60,INV-,O
60,92297,O
60,Invoice,O
60,Date,O
60,:,O
60,2025-12-24,B-Date
60,Bill,O
60,To,O
60,:,O
60,Customer,O
60,Account,O
60,#,O
60,7761,O
60,Subtotal,O
60,:,O
60,"$1,033.73",O
60,Tax,O
60,(,O
60,7.5%,O
60,),O
60,:,O
60,$77.53,B-Tax
60,Total,O
60,Due,O
60,:,O
60,"$1,111.26",B-Total
60,Payment,O
60,is,O
60,due,O
60,within,O
60,30,O
60,days.,O
60,Thank,O
60,you,O
60,for,O
60,your,O
60,business.,O
61,Golden,B-Vendor
61,Gate,I-Vendor
61,Consulting,I-Vendor
61,Invoice,O
61,Number,O
61,:,O
61,INV-,O
61,19919,O
61,Invoice,O
61,Date,O
61,:,O
61,01/09/2023,B-Date
61,Bill,O
61,To,O
61,:,O
61,Customer,O
61,Account,O
61,#,O
61,3823,O
61,Subtotal,O
61,:,O
61,$259.54,O
61,Tax,O
61,(,O
61,7.5%,O
61,),O
61,:,O
61,$19.47,B-Tax
61,Total,O
61,Due,O
61,:,O
61,$279.00,B-Total
61,Payment,O
61,is,O
61,due,O
61,within,O
61,30,O
61,days.,O
61,Thank,O
61,you,O
61,for,O
61,your,O
61,business.,O
62,Cobalt,B-Vendor
62,Software,I-Vendor
62,Solutions,I-Vendor
62,Invoice,O
62,Number,O
62,:,O
62,INV-,O
62,99581,O
62,Invoice,O
62,Date,O
62,:,O
62,03/15/2024,B-Date
62,Bill,O
62,To,O
62,:,O
62,Customer,O
62,Account,O
62,#,O
62,3611,O
62,Subtotal,O
62,:,O
62,$378.19,O
62,Tax,O
62,(,O
62,10.0%,O
62,),O
62,:,O
62,$37.82,B-Tax
62,Total,O
62,Due,O
62,:,O
62,$416.01,B-Total
62,Payment,O
62,is,O
62,due,O
62,within,O
62,30,O
62,days.,O
62,Thank,O
62,you,O
62,for,O
62,your,O
62,business.,O
63,Bright,B-Vendor
63,Path,I-Vendor
63,Tutoring,I-Vendor
63,Invoice,O
63,Number,O
63,:,O
63,INV-,O
63,56327,O
63,Invoice,O
63,Date,O
63,:,O
63,03/02/2025,B-Date
63,Bill,O
63,To,O
63,:,O
63,Customer,O
63,Account,O
63,#,O
63,2124,O
63,Subtotal,O
63,:,O
63,"$1,213.18",O
63,Tax,O
63,(,O
63,7.5%,O
63,),O
63,:,O
63,$90.99,B-Tax
63,Total,O
63,Due,O
63,:,O
63,"$1,304.17",B-Total
63,Payment,O
63,is,O
63,due,O
63,within,O
63,30,O
63,days.,O
63,Thank,O
63,you,O
63,for,O
63,your,O
63,business.,O
64,Harbor,B-Vendor
64,View,I-Vendor
64,Office,I-Vendor
64,Supplies,I-Vendor
64,Invoice,O
64,Number,O
64,:,O
64,INV-,O
64,87441,O
64,Invoice,O
64,Date,O
64,:,O
64,11/04/2023,B-Date
64,Bill,O
64,To,O
64,:,O
64,Customer,O
64,Account,O
64,#,O
64,6464,O
64,Subtotal,O
64,:,O
64,$963.89,O
64,Tax,O
64,(,O
64,8.0%,O
64,),O
64,:,O
64,$77.11,B-Tax
64,Total,O
64,Due,O
64,:,O
64,"$1,041.00",B-Total
64,Payment,O
64,is,O
64,due,O
64,within,O
64,30,O
64,days.,O
64,Thank,O
64,you,O
64,for,O
64,your,O
64,business.,O
65,Titan,B-Vendor
65,Steel,I-Vendor
65,Works,I-Vendor
65,Invoice,O
65,Number,O
65,:,O
65,INV-,O
65,80035,O
65,Invoice,O
65,Date,O
65,:,O
65,2023-09-26,B-Date
65,Bill,O
65,To,O
65,:,O
65,Customer,O
65,Account,O
65,#,O
65,3546,O
65,Subtotal,O
65,:,O
65,"$2,681.99",O
65,Tax,O
65,(,O
65,7.0%,O
65,),O
65,:,O
65,$187.74,B-Tax
65,Total,O
65,Due,O
65,:,O
65,"$2,869.73",B-Total
65,Payment,O
65,is,O
65,due,O
65,within,O
65,30,O
65,days.,O
65,Thank,O
65,you,O
65,for,O
65,your,O
65,business.,O
66,Ironclad,B-Vendor
66,Security,I-Vendor
66,Systems,I-Vendor
66,Invoice,O
66,Number,O
66,:,O
66,INV-,O
66,81172,O
66,Invoice,O
66,Date,O
66,:,O
66,06/17/2025,B-Date
66,Bill,O
66,To,O
66,:,O
66,Customer,O
66,Account,O
66,#,O
66,2641,O
66,Subtotal,O
66,:,O
66,"$2,038.46",O
66,Tax,O
66,(,O
66,10.0%,O
66,),O
66,:,O
66,$203.85,B-Tax
66,Total,O
66,Due,O
66,:,O
66,"$2,242.31",B-Total
66,Payment,O
66,is,O
66,due,O
66,within,O
66,30,O
66,days.,O
66,Thank,O
66,you,O
66,for,O
66,your,O
66,business.,O
67,Bright,B-Vendor
67,Path,I-Vendor
67,Tutoring,I-Vendor
67,Invoice,O
67,Number,O
67,:,O
67,INV-,O
67,96776,O
67,Invoice,O
67,Date,O
67,:,O
67,2024-02-10,B-Date
67,Bill,O
67,To,O
67,:,O
67,Customer,O
67,Account,O
67,#,O
67,9473,O
67,Subtotal,O
67,:,O
67,"$4,900.02",O
67,Tax,O
67,(,O
67,5.0%,O
67,),O
67,:,O
67,$245.00,B-Tax
67,Total,O
67,Due,O
67,:,O
67,"$5,145.03",B-Total
67,Payment,O
67,is,O
67,due,O
67,within,O
67,30,O
67,days.,O
67,Thank,O
67,you,O
67,for,O
67,your,O
67,business.,O
68,Golden,B-Vendor
68,Gate,I-Vendor
68,Consulting,I-Vendor
68,Invoice,O
68,Number,O
68,:,O
68,INV-,O
68,54764,O
68,Invoice,O
68,Date,O
68,:,O
68,10/07/2023,B-Date
68,Bill,O
68,To,O
68,:,O
68,Customer,O
68,Account,O
68,#,O
68,5908,O
68,Subtotal,O
68,:,O
68,"$2,581.73",O
68,Tax,O
68,(,O
68,7.5%,O
68,),O
68,:,O
68,$193.63,B-Tax
68,Total,O
68,Due,O
68,:,O
68,"$2,775.36",B-Total
68,Payment,O
68,is,O
68,due,O
68,within,O
68,30,O
68,days.,O
68,Thank,O
68,you,O
68,for,O
68,your,O
68,business.,O
69,Cedarwood,B-Vendor
69,Furniture,I-Vendor
69,Invoice,O
69,Number,O
69,:,O
69,INV-,O
69,56242,O
69,Invoice,O
69,Date,O
69,:,O
69,2026-04-11,B-Date
69,Bill,O
69,To,O
69,:,O
69,Customer,O
69,Account,O
69,#,O
69,3128,O
69,Subtotal,O
69,:,O
69,$425.35,O
69,Tax,O
69,(,O
69,8.0%,O
69,),O
69,:,O
69,$34.03,B-Tax
69,Total,O
69,Due,O
69,:,O
69,$459.38,B-Total
69,Payment,O
69,is,O
69,due,O
69,within,O
69,30,O
69,days.,O
69,Thank,O
69,you,O
69,for,O
69,your,O
69,business.,O
70,Cedarwood,B-Vendor
70,Furniture,I-Vendor
70,Invoice,O
70,Number,O
70,:,O
70,INV-,O
70,78495,O
70,Invoice,O
70,Date,O
70,:,O
70,02/22/2024,B-Date
70,Bill,O
70,To,O
70,:,O
70,Customer,O
70,Account,O
70,#,O
70,8501,O
70,Subtotal,O
70,:,O
70,"$4,162.00",O
70,Tax,O
70,(,O
70,10.0%,O
70,),O
70,:,O
70,$416.20,B-Tax
70,Total,O
70,Due,O
70,:,O
70,"$4,578.20",B-Total
70,Payment,O
70,is,O
70,due,O
70,within,O
70,30,O
70,days.,O
70,Thank,O
70,you,O
70,for,O
70,your,O
70,business.,O
71,Maple,B-Vendor
71,Leaf,I-Vendor
71,Bakery,I-Vendor
71,Invoice,O
71,Number,O
71,:,O
71,INV-,O
71,39510,O
71,Invoice,O
71,Date,O
71,:,O
71,09/30/2025,B-Date
71,Bill,O
71,To,O
71,:,O
71,Customer,O
71,Account,O
71,#,O
71,2508,O
71,Subtotal,O
71,:,O
71,"$1,578.06",O
71,Tax,O
71,(,O
71,8.5%,O
71,),O
71,:,O
71,$134.13,B-Tax
71,Total,O
71,Due,O
71,:,O
71,"$1,712.19",B-Total
71,Payment,O
71,is,O
71,due,O
71,within,O
71,30,O
71,days.,O
71,Thank,O
71,you,O
71,for,O
71,your,O
71,business.,O
72,Blue,B-Vendor
72,Ocean,I-Vendor
72,Traders,I-Vendor
72,Invoice,O
72,Number,O
72,:,O
72,INV-,O
72,39648,O
72,Invoice,O
72,Date,O
72,:,O
72,2026-05-29,B-Date
72,Bill,O
72,To,O
72,:,O
72,Customer,O
72,Account,O
72,#,O
72,8595,O
72,Subtotal,O
72,:,O
72,"$3,023.55",O
72,Tax,O
72,(,O
72,10.0%,O
72,),O
72,:,O
72,$302.35,B-Tax
72,Total,O
72,Due,O
72,:,O
72,"$3,325.90",B-Total
72,Payment,O
72,is,O
72,due,O
72,within,O
72,30,O
72,days.,O
72,Thank,O
72,you,O
72,for,O
72,your,O
72,business.,O
73,Cedarwood,B-Vendor
73,Furniture,I-Vendor
73,Invoice,O
73,Number,O
73,:,O
73,INV-,O
73,44399,O
73,Invoice,O
73,Date,O
73,:,O
73,2024-07-09,B-Date
73,Bill,O
73,To,O
73,:,O
73,Customer,O
73,Account,O
73,#,O
73,6177,O
73,Subtotal,O
73,:,O
73,"$4,830.60",O
73,Tax,O
73,(,O
73,5.0%,O
73,),O
73,:,O
73,$241.53,B-Tax
73,Total,O
73,Due,O
73,:,O
73,"$5,072.13",B-Total
73,Payment,O
73,is,O
73,due,O
73,within,O
73,30,O
73,days.,O
73,Thank,O
73,you,O
73,for,O
73,your,O
73,business.,O
74,Harbor,B-Vendor
74,View,I-Vendor
74,Office,I-Vendor
74,Supplies,I-Vendor
74,Invoice,O
74,Number,O
74,:,O
74,INV-,O
74,67930,O
74,Invoice,O
74,Date,O
74,:,O
74,2026-08-25,B-Date
74,Bill,O
74,To,O
74,:,O
74,Customer,O
74,Account,O
74,#,O
74,8373,O
74,Subtotal,O
74,:,O
74,"$3,543.93",O
74,Tax,O
74,(,O
74,9.0%,O
74,),O
74,:,O
74,$318.95,B-Tax
74,Total,O
74,Due,O
74,:,O
74,"$3,862.88",B-Total
74,Payment,O
74,is,O
74,due,O
74,within,O
74,30,O
74,days.,O
74,Thank,O
74,you,O
74,for,O
74,your,O
74,business.,O
75,Alpine,B-Vendor
75,Water,I-Vendor
75,Co,I-Vendor
75,Invoice,O
75,Number,O
75,:,O
75,INV-,O
75,74708,O
75,Invoice,O
75,Date,O
75,:,O
75,2023-05-01,B-Date
75,Bill,O
75,To,O
75,:,O
75,Customer,O
75,Account,O
75,#,O
75,4015,O
75,Subtotal,O
75,:,O
75,"$4,191.77",O
75,Tax,O
75,(,O
75,8.5%,O
75,),O
75,:,O
75,$356.30,B-Tax
75,Total,O
75,Due,O
75,:,O
75,"$4,548.07",B-Total
75,Payment,O
75,is,O
75,due,O
75,within,O
75,30,O
75,days.,O
75,Thank,O
75,you,O
75,for,O
75,your,O
75,business.,O
76,Titan,B-Vendor
76,Steel,I-Vendor
76,Works,I-Vendor
76,Invoice,O
76,Number,O
76,:,O
76,INV-,O
76,15878,O
76,Invoice,O
76,Date,O
76,:,O
76,2025-01-18,B-Date
76,Bill,O
76,To,O
76,:,O
76,Customer,O
76,Account,O
76,#,O
76,7625,O
76,Subtotal,O
76,:,O
76,"$3,868.94",O
76,Tax,O
76,(,O
76,6.0%,O
76,),O
76,:,O
76,$232.14,B-Tax
76,Total,O
76,Due,O
76,:,O
76,"$4,101.08",B-Total
76,Payment,O
76,is,O
76,due,O
76,within,O
76,30,O
76,days.,O
76,Thank,O
76,you,O
76,for,O
76,your,O
76,business.,O
77,Maple,B-Vendor
77,Leaf,I-Vendor
77,Bakery,I-Vendor
77,Invoice,O
77,Number,O
77,:,O
77,INV-,O
77,14949,O
77,Invoice,O
77,Date,O
77,:,O
77,2025-12-24,B-Date
77,Bill,O
77,To,O
77,:,O
77,Customer,O
77,Account,O
77,#,O
77,7483,O
77,Subtotal,O
77,:,O
77,"$2,104.45",O
77,Tax,O
77,(,O
77,7.5%,O
77,),O
77,:,O
77,$157.83,B-Tax
77,Total,O
77,Due,O
77,:,O
77,"$2,262.28",B-Total
77,Payment,O
77,is,O
77,due,O
77,within,O
77,30,O
77,days.,O
77,Thank,O
77,you,O
77,for,O
77,your,O
77,business.,O
78,Willow,B-Vendor
78,Creek,I-Vendor
78,Farms,I-Vendor
78,Invoice,O
78,Number,O
78,:,O
78,INV-,O
78,60229,O
78,Invoice,O
78,Date,O
78,:,O
78,12/03/2025,B-Date
78,Bill,O
78,To,O
78,:,O
78,Customer,O
78,Account,O
78,#,O
78,1329,O
78,Subtotal,O
78,:,O
78,"$2,857.68",O
78,Tax,O
78,(,O
78,7.5%,O
78,),O
78,:,O
78,$214.33,B-Tax
78,Total,O
78,Due,O
78,:,O
78,"$3,072.01",B-Total
78,Payment,O
78,is,O
78,due,O
78,within,O
78,30,O
78,days.,O
78,Thank,O
78,you,O
78,for,O
78,your,O
78,business.,O
79,Cedarwood,B-Vendor
79,Furniture,I-Vendor
79,Invoice,O
79,Number,O
79,:,O
79,INV-,O
79,78509,O
79,Invoice,O
79,Date,O
79,:,O
79,2026-06-04,B-Date
79,Bill,O
79,To,O
79,:,O
79,Customer,O
79,Account,O
79,#,O
79,1667,O
79,Subtotal,O
79,:,O
79,"$2,798.66",O
79,Tax,O
79,(,O
79,8.5%,O
79,),O
79,:,O
79,$237.89,B-Tax
79,Total,O
79,Due,O
79,:,O
79,"$3,036.55",B-Total
79,Payment,O
79,is,O
79,due,O
79,within,O
79,30,O
79,days.,O
79,Thank,O
79,you,O
79,for,O
79,your,O
79,business.,O
80,Quantum,B-Vendor
80,Electronics,I-Vendor
80,Invoice,O
80,Number,O
80,:,O
80,INV-,O
80,27805,O
80,Invoice,O
80,Date,O
80,:,O
80,2025-01-07,B-Date
80,Bill,O
80,To,O
80,:,O
80,Customer,O
80,Account,O
80,#,O
80,7686,O
80,Subtotal,O
80,:,O
80,"$4,405.59",O
80,Tax,O
80,(,O
80,8.0%,O
80,),O
80,:,O
80,$352.45,B-Tax
80,Total,O
80,Due,O
80,:,O
80,"$4,758.03",B-Total
80,Payment,O
80,is,O
80,due,O
80,within,O
80,30,O
80,days.,O
80,Thank,O
80,you,O
80,for,O
80,your,O
80,business.,O
81,Titan,B-Vendor
81,Steel,I-Vendor
81,Works,I-Vendor
81,Invoice,O
81,Number,O
81,:,O
81,INV-,O
81,23859,O
81,Invoice,O
81,Date,O
81,:,O
81,09/04/2026,B-Date
81,Bill,O
81,To,O
81,:,O
81,Customer,O
81,Account,O
81,#,O
81,5191,O
81,Subtotal,O
81,:,O
81,"$4,054.52",O
81,Tax,O
81,(,O
81,8.0%,O
81,),O
81,:,O
81,$324.36,B-Tax
81,Total,O
81,Due,O
81,:,O
81,"$4,378.89",B-Total
81,Payment,O
81,is,O
81,due,O
81,within,O
81,30,O
81,days.,O
81,Thank,O
81,you,O
81,for,O
81,your,O
81,business.,O
82,Ironclad,B-Vendor
82,Security,I-Vendor
82,Systems,I-Vendor
82,Invoice,O
82,Number,O
82,:,O
82,INV-,O
82,46551,O
82,Invoice,O
82,Date,O
82,:,O
82,05/22/2025,B-Date
82,Bill,O
82,To,O
82,:,O
82,Customer,O
82,Account,O
82,#,O
82,1905,O
82,Subtotal,O
82,:,O
82,"$3,244.96",O
82,Tax,O
82,(,O
82,7.5%,O
82,),O
82,:,O
82,$243.37,B-Tax
82,Total,O
82,Due,O
82,:,O
82,"$3,488.33",B-Total
82,Payment,O
82,is,O
82,due,O
82,within,O
82,30,O
82,days.,O
82,Thank,O
82,you,O
82,for,O
82,your,O
82,business.,O
83,Sunrise,B-Vendor
83,Printing,I-Vendor
83,Co,I-Vendor
83,Invoice,O
83,Number,O
83,:,O
83,INV-,O
83,16489,O
83,Invoice,O
83,Date,O
83,:,O
83,2023-09-28,B-Date
83,Bill,O
83,To,O
83,:,O
83,Customer,O
83,Account,O
83,#,O
83,7798,O
83,Subtotal,O
83,:,O
83,"$2,386.44",O
83,Tax,O
83,(,O
83,7.5%,O
83,),O
83,:,O
83,$178.98,B-Tax
83,Total,O
83,Due,O
83,:,O
83,"$2,565.43",B-Total
83,Payment,O
83,is,O
83,due,O
83,within,O
83,30,O
83,days.,O
83,Thank,O
83,you,O
83,for,O
83,your,O
83,business.,O
84,Bright,B-Vendor
84,Path,I-Vendor
84,Tutoring,I-Vendor
84,Invoice,O
84,Number,O
84,:,O
84,INV-,O
84,86024,O
84,Invoice,O
84,Date,O
84,:,O
84,2025-02-24,B-Date
84,Bill,O
84,To,O
84,:,O
84,Customer,O
84,Account,O
84,#,O
84,1799,O
84,Subtotal,O
84,:,O
84,"$1,966.72",O
84,Tax,O
84,(,O
84,7.5%,O
84,),O
84,:,O
84,$147.50,B-Tax
84,Total,O
84,Due,O
84,:,O
84,"$2,114.22",B-Total
84,Payment,O
84,is,O
84,due,O
84,within,O
84,30,O
84,days.,O
84,Thank,O
84,you,O
84,for,O
84,your,O
84,business.,O
85,Quantum,B-Vendor
85,Electronics,I-Vendor
85,Invoice,O
85,Number,O
85,:,O
85,INV-,O
85,87332,O
85,Invoice,O
85,Date,O
85,:,O
85,2026-09-27,B-Date
85,Bill,O
85,To,O
85,:,O
85,Customer,O
85,Account,O
85,#,O
85,8742,O
85,Subtotal,O
85,:,O
85,"$2,010.01",O
85,Tax,O
85,(,O
85,5.0%,O
85,),O
85,:,O
85,$100.50,B-Tax
85,Total,O
85,Due,O
85,:,O
85,"$2,110.51",B-Total
85,Payment,O
85,is,O
85,due,O
85,within,O
85,30,O
85,days.,O
85,Thank,O
85,you,O
85,for,O
85,your,O
85,business.,O
86,Redwood,B-Vendor
86,Hardware,I-Vendor
86,Invoice,O
86,Number,O
86,:,O
86,INV-,O
86,62523,O
86,Invoice,O
86,Date,O
86,:,O
86,10/21/2025,B-Date
86,Bill,O
86,To,O
86,:,O
86,Customer,O
86,Account,O
86,#,O
86,4412,O
86,Subtotal,O
86,:,O
86,"$3,420.59",O
86,Tax,O
86,(,O
86,7.0%,O
86,),O
86,:,O
86,$239.44,B-Tax
86,Total,O
86,Due,O
86,:,O
86,"$3,660.03",B-Total
86,Payment,O
86,is,O
86,due,O
86,within,O
86,30,O
86,days.,O
86,Thank,O
86,you,O
86,for,O
86,your,O
86,business.,O
87,Harbor,B-Vendor
87,View,I-Vendor
87,Office,I-Vendor
87,Supplies,I-Vendor
87,Invoice,O
87,Number,O
87,:,O
87,INV-,O
87,61143,O
87,Invoice,O
87,Date,O
87,:,O
87,2024-04-20,B-Date
87,Bill,O
87,To,O
87,:,O
87,Customer,O
87,Account,O
87,#,O
87,9990,O
87,Subtotal,O
87,:,O
87,"$2,210.65",O
87,Tax,O
87,(,O
87,7.0%,O
87,),O
87,:,O
87,$154.75,B-Tax
87,Total,O
87,Due,O
87,:,O
87,"$2,365.40",B-Total
87,Payment,O
87,is,O
87,due,O
87,within,O
87,30,O
87,days.,O
87,Thank,O
87,you,O
87,for,O
87,your,O
87,business.,O
88,Willow,B-Vendor
88,Creek,I-Vendor
88,Farms,I-Vendor
88,Invoice,O
88,Number,O
88,:,O
88,INV-,O
88,95309,O
88,Invoice,O
88,Date,O
88,:,O
88,2024-12-12,B-Date
88,Bill,O
88,To,O
88,:,O
88,Customer,O
88,Account,O
88,#,O
88,3529,O
88,Subtotal,O
88,:,O
88,"$2,949.00",O
88,Tax,O
88,(,O
88,9.0%,O
88,),O
88,:,O
88,$265.41,B-Tax
88,Total,O
88,Due,O
88,:,O
88,"$3,214.41",B-Total
88,Payment,O
88,is,O
88,due,O
88,within,O
88,30,O
88,days.,O
88,Thank,O
88,you,O
88,for,O
88,your,O
88,business.,O
89,Bright,B-Vendor
89,Path,I-Vendor
89,Tutoring,I-Vendor
89,Invoice,O
89,Number,O
89,:,O
89,INV-,O
89,94131,O
89,Invoice,O
89,Date,O
89,:,O
89,2024-04-10,B-Date
89,Bill,O
89,To,O
89,:,O
89,Customer,O
89,Account,O
89,#,O
89,7169,O
89,Subtotal,O
89,:,O
89,"$2,519.78",O
89,Tax,O
89,(,O
89,10.0%,O
89,),O
89,:,O
89,$251.98,B-Tax
89,Total,O
89,Due,O
89,:,O
89,"$2,771.76",B-Total
89,Payment,O
89,is,O
89,due,O
89,within,O
89,30,O
89,days.,O
89,Thank,O
89,you,O
89,for,O
89,your,O
89,business.,O
90,Nordic,B-Vendor
90,Timber,I-Vendor
90,Group,I-Vendor
90,Invoice,O
90,Number,O
90,:,O
90,INV-,O
90,27821,O
90,Invoice,O
90,Date,O
90,:,O
90,03/10/2023,B-Date
90,Bill,O
90,To,O
90,:,O
90,Customer,O
90,Account,O
90,#,O
90,9948,O
90,Subtotal,O
90,:,O
90,"$2,523.18",O
90,Tax,O
90,(,O
90,5.0%,O
90,),O
90,:,O
90,$126.16,B-Tax
90,Total,O
90,Due,O
90,:,O
90,"$2,649.34",B-Total
90,Payment,O
90,is,O
90,due,O
90,within,O
90,30,O
90,days.,O
90,Thank,O
90,you,O
90,for,O
90,your,O
90,business.,O
91,Harbor,B-Vendor
91,View,I-Vendor
91,Office,I-Vendor
91,Supplies,I-Vendor
91,Invoice,O
91,Number,O
91,:,O
91,INV-,O
91,70916,O
91,Invoice,O
91,Date,O
91,:,O
91,10/05/2024,B-Date
91,Bill,O
91,To,O
91,:,O
91,Customer,O
91,Account,O
91,#,O
91,5122,O
91,Subtotal,O
91,:,O
91,"$3,862.76",O
91,Tax,O
91,(,O
91,7.5%,O
91,),O
91,:,O
91,$289.71,B-Tax
91,Total,O
91,Due,O
91,:,O
91,"$4,152.47",B-Total
91,Payment,O
91,is,O
91,due,O
91,within,O
91,30,O
91,days.,O
91,Thank,O
91,you,O
91,for,O
91,your,O
91,business.,O
92,Ironclad,B-Vendor
92,Security,I-Vendor
92,Systems,I-Vendor
92,Invoice,O
92,Number,O
92,:,O
92,INV-,O
92,73586,O
92,Invoice,O
92,Date,O
92,:,O
92,04/07/2024,B-Date
92,Bill,O
92,To,O
92,:,O
92,Customer,O
92,Account,O
92,#,O
92,8219,O
92,Subtotal,O
92,:,O
92,"$1,651.15",O
92,Tax,O
92,(,O
92,8.0%,O
92,),O
92,:,O
92,$132.09,B-Tax
92,Total,O
92,Due,O
92,:,O
92,"$1,783.24",B-Total
92,Payment,O
92,is,O
92,due,O
92,within,O
92,30,O
92,days.,O
92,Thank,O
92,you,O
92,for,O
92,your,O
92,business.,O
93,Quantum,B-Vendor
93,Electronics,I-Vendor
93,Invoice,O
93,Number,O
93,:,O
93,INV-,O
93,32032,O
93,Invoice,O
93,Date,O
93,:,O
93,2023-09-18,B-Date
93,Bill,O
93,To,O
93,:,O
93,Customer,O
93,Account,O
93,#,O
93,1562,O
93,Subtotal,O
93,:,O
93,"$2,281.45",O
93,Tax,O
93,(,O
93,9.0%,O
93,),O
93,:,O
93,$205.33,B-Tax
93,Total,O
93,Due,O
93,:,O
93,"$2,486.78",B-Total
93,Payment,O
93,is,O
93,due,O
93,within,O
93,30,O
93,days.,O
93,Thank,O
93,you,O
93,for,O
93,your,O
93,business.,O
94,Nordic,B-Vendor
94,Timber,I-Vendor
94,Group,I-Vendor
94,Invoice,O
94,Number,O
94,:,O
94,INV-,O
94,67344,O
94,Invoice,O
94,Date,O
94,:,O
94,2025-05-20,B-Date
94,Bill,O
94,To,O
94,:,O
94,Customer,O
94,Account,O
94,#,O
94,9012,O
94,Subtotal,O
94,:,O
94,"$1,945.45",O
94,Tax,O
94,(,O
94,7.0%,O
94,),O
94,:,O
94,$136.18,B-Tax
94,Total,O
94,Due,O
94,:,O
94,"$2,081.63",B-Total
94,Payment,O
94,is,O
94,due,O
94,within,O
94,30,O
94,days.,O
94,Thank,O
94,you,O
94,for,O
94,your,O
94,business.,O
95,Redwood,B-Vendor
95,Hardware,I-Vendor
95,Invoice,O
95,Number,O
95,:,O
95,INV-,O
95,16870,O
95,Invoice,O
95,Date,O
95,:,O
95,2023-07-28,B-Date
95,Bill,O
95,To,O
95,:,O
95,Customer,O
95,Account,O
95,#,O
95,9657,O
95,Subtotal,O
95,:,O
95,"$1,095.52",O
95,Tax,O
95,(,O
95,8.5%,O
95,),O
95,:,O
95,$93.12,B-Tax
95,Total,O
95,Due,O
95,:,O
95,"$1,188.64",B-Total
95,Payment,O
95,is,O
95,due,O
95,within,O
95,30,O
95,days.,O
95,Thank,O
95,you,O
95,for,O
95,your,O
95,business.,O
96,Pioneer,B-Vendor
96,Freight,I-Vendor
96,Services,I-Vendor
96,Invoice,O
96,Number,O
96,:,O
96,INV-,O
96,48062,O
96,Invoice,O
96,Date,O
96,:,O
96,2024-03-08,B-Date
96,Bill,O
96,To,O
96,:,O
96,Customer,O
96,Account,O
96,#,O
96,9734,O
96,Subtotal,O
96,:,O
96,$430.63,O
96,Tax,O
96,(,O
96,8.5%,O
96,),O
96,:,O
96,$36.60,B-Tax
96,Total,O
96,Due,O
96,:,O
96,$467.24,B-Total
96,Payment,O
96,is,O
96,due,O
96,within,O
96,30,O
96,days.,O
96,Thank,O
96,you,O
96,for,O
96,your,O
96,business.,O
97,Quantum,B-Vendor
97,Electronics,I-Vendor
97,Invoice,O
97,Number,O
97,:,O
97,INV-,O
97,81443,O
97,Invoice,O
97,Date,O
97,:,O
97,03/05/2026,B-Date
97,Bill,O
97,To,O
97,:,O
97,Customer,O
97,Account,O
97,#,O
97,7913,O
97,Subtotal,O
97,:,O
97,"$1,675.00",O
97,Tax,O
97,(,O
97,6.0%,O
97,),O
97,:,O
97,$100.50,B-Tax
97,Total,O
97,Due,O
97,:,O
97,"$1,775.50",B-Total
97,Payment,O
97,is,O
97,due,O
97,within,O
97,30,O
97,days.,O
97,Thank,O
97,you,O
97,for,O
97,your,O
97,business.,O
98,Cobalt,B-Vendor
98,Software,I-Vendor
98,Solutions,I-Vendor
98,Invoice,O
98,Number,O
98,:,O
98,INV-,O
98,79091,O
98,Invoice,O
98,Date,O
98,:,O
98,04/20/2024,B-Date
98,Bill,O
98,To,O
98,:,O
98,Customer,O
98,Account,O
98,#,O
98,4559,O
98,Subtotal,O
98,:,O
98,"$3,142.44",O
98,Tax,O
98,(,O
98,9.0%,O
98,),O
98,:,O
98,$282.82,B-Tax
98,Total,O
98,Due,O
98,:,O
98,"$3,425.26",B-Total
98,Payment,O
98,is,O
98,due,O
98,within,O
98,30,O
98,days.,O
98,Thank,O
98,you,O
98,for,O
98,your,O
98,business.,O
99,Quantum,B-Vendor
99,Electronics,I-Vendor
99,Invoice,O
99,Number,O
99,:,O
99,INV-,O
99,16232,O
99,Invoice,O
99,Date,O
99,:,O
99,2023-04-28,B-Date
99,Bill,O
99,To,O
99,:,O
99,Customer,O
99,Account,O
99,#,O
99,2275,O
99,Subtotal,O
99,:,O
99,"$2,497.31",O
99,Tax,O
99,(,O
99,7.5%,O
99,),O
99,:,O
99,$187.30,B-Tax
99,Total,O
99,Due,O
99,:,O
99,"$2,684.61",B-Total
99,Payment,O
99,is,O
99,due,O
99,within,O
99,30,O
99,days.,O
99,Thank,O
99,you,O
99,for,O
99,your,O
99,business.,O
100,Cobalt,B-Vendor
100,Software,I-Vendor
100,Solutions,I-Vendor
100,Invoice,O
100,Number,O
100,:,O
100,INV-,O
100,25634,O
100,Invoice,O
100,Date,O
100,:,O
100,06/05/2024,B-Date
100,Bill,O
100,To,O
100,:,O
100,Customer,O
100,Account,O
100,#,O
100,9489,O
100,Subtotal,O
100,:,O
100,$776.39,O
100,Tax,O
100,(,O
100,7.0%,O
100,),O
100,:,O
100,$54.35,B-Tax
100,Total,O
100,Due,O
100,:,O
100,$830.73,B-Total
100,Payment,O
100,is,O
100,due,O
100,within,O
100,30,O
100,days.,O
100,Thank,O
100,you,O
100,for,O
100,your,O
100,business.,O
101,Redwood,B-Vendor
101,Hardware,I-Vendor
101,Invoice,O
101,Number,O
101,:,O
101,INV-,O
101,96124,O
101,Invoice,O
101,Date,O
101,:,O
101,01/01/2023,B-Date
101,Bill,O
101,To,O
101,:,O
101,Customer,O
101,Account,O
101,#,O
101,5268,O
101,Subtotal,O
101,:,O
101,$908.73,O
101,Tax,O
101,(,O
101,6.0%,O
101,),O
101,:,O
101,$54.52,B-Tax
101,Total,O
101,Due,O
101,:,O
101,$963.26,B-Total
101,Payment,O
101,is,O
101,due,O
101,within,O
101,30,O
101,days.,O
101,Thank,O
101,you,O
101,for,O
101,your,O
101,business.,O
102,Ironclad,B-Vendor
102,Security,I-Vendor
102,Systems,I-Vendor
102,Invoice,O
102,Number,O
102,:,O
102,INV-,O
102,81318,O
102,Invoice,O
102,Date,O
102,:,O
102,2023-02-05,B-Date
102,Bill,O
102,To,O
102,:,O
102,Customer,O
102,Account,O
102,#,O
102,5579,O
102,Subtotal,O
102,:,O
102,"$1,421.24",O
102,Tax,O
102,(,O
102,9.0%,O
102,),O
102,:,O
102,$127.91,B-Tax
102,Total,O
102,Due,O
102,:,O
102,"$1,549.15",B-Total
102,Payment,O
102,is,O
102,due,O
102,within,O
102,30,O
102,days.,O
102,Thank,O
102,you,O
102,for,O
102,your,O
102,business.,O
103,Silverline,B-Vendor
103,Logistics,I-Vendor
103,Invoice,O
103,Number,O
103,:,O
103,INV-,O
103,70417,O
103,Invoice,O
103,Date,O
103,:,O
103,05/26/2023,B-Date
103,Bill,O
103,To,O
103,:,O
103,Customer,O
103,Account,O
103,#,O
103,2448,O
103,Subtotal,O
103,:,O
103,"$4,102.54",O
103,Tax,O
103,(,O
103,7.5%,O
103,),O
103,:,O
103,$307.69,B-Tax
103,Total,O
103,Due,O
103,:,O
103,"$4,410.23",B-Total
103,Payment,O
103,is,O
103,due,O
103,within,O
103,30,O
103,days.,O
103,Thank,O
103,you,O
103,for,O
103,your,O
103,business.,O
104,Delta,B-Vendor
104,Analytics,I-Vendor
104,Group,I-Vendor
104,Invoice,O
104,Number,O
104,:,O
104,INV-,O
104,69697,O
104,Invoice,O
104,Date,O
104,:,O
104,08/21/2026,B-Date
104,Bill,O
104,To,O
104,:,O
104,Customer,O
104,Account,O
104,#,O
104,9844,O
104,Subtotal,O
104,:,O
104,$342.29,O
104,Tax,O
104,(,O
104,5.0%,O
104,),O
104,:,O
104,$17.11,B-Tax
104,Total,O
104,Due,O
104,:,O
104,$359.41,B-Total
104,Payment,O
104,is,O
104,due,O
104,within,O
104,30,O
104,days.,O
104,Thank,O
104,you,O
104,for,O
104,your,O
104,business.,O
105,Delta,B-Vendor
105,Analytics,I-Vendor
105,Group,I-Vendor
105,Invoice,O
105,Number,O
105,:,O
105,INV-,O
105,22960,O
105,Invoice,O
105,Date,O
105,:,O
105,03/04/2026,B-Date
105,Bill,O
105,To,O
105,:,O
105,Customer,O
105,Account,O
105,#,O
105,2029,O
105,Subtotal,O
105,:,O
105,"$4,442.37",O
105,Tax,O
105,(,O
105,10.0%,O
105,),O
105,:,O
105,$444.24,B-Tax
105,Total,O
105,Due,O
105,:,O
105,"$4,886.60",B-Total
105,Payment,O
105,is,O
105,due,O
105,within,O
105,30,O
105,days.,O
105,Thank,O
105,you,O
105,for,O
105,your,O
105,business.,O
106,Redwood,B-Vendor
106,Hardware,I-Vendor
106,Invoice,O
106,Number,O
106,:,O
106,INV-,O
106,99081,O
106,Invoice,O
106,Date,O
106,:,O
106,2024-11-25,B-Date
106,Bill,O
106,To,O
106,:,O
106,Customer,O
106,Account,O
106,#,O
106,4379,O
106,Subtotal,O
106,:,O
106,"$4,583.96",O
106,Tax,O
106,(,O
106,10.0%,O
106,),O
106,:,O
106,$458.40,B-Tax
106,Total,O
106,Due,O
106,:,O
106,"$5,042.36",B-Total
106,Payment,O
106,is,O
106,due,O
106,within,O
106,30,O
106,days.,O
106,Thank,O
106,you,O
106,for,O
106,your,O
106,business.,O
107,Delta,B-Vendor
107,Analytics,I-Vendor
107,Group,I-Vendor
107,Invoice,O
107,Number,O
107,:,O
107,INV-,O
107,90569,O
107,Invoice,O
107,Date,O
107,:,O
107,09/12/2026,B-Date
107,Bill,O
107,To,O
107,:,O
107,Customer,O
107,Account,O
107,#,O
107,6470,O
107,Subtotal,O
107,:,O
107,"$4,766.87",O
107,Tax,O
107,(,O
107,8.0%,O
107,),O
107,:,O
107,$381.35,B-Tax
107,Total,O
107,Due,O
107,:,O
107,"$5,148.22",B-Total
107,Payment,O
107,is,O
107,due,O
107,within,O
107,30,O
107,days.,O
107,Thank,O
107,you,O
107,for,O
107,your,O
107,business.,O
108,Quantum,B-Vendor
108,Electronics,I-Vendor
108,Invoice,O
108,Number,O
108,:,O
108,INV-,O
108,72452,O
108,Invoice,O
108,Date,O
108,:,O
108,04/01/2024,B-Date
108,Bill,O
108,To,O
108,:,O
108,Customer,O
108,Account,O
108,#,O
108,6390,O
108,Subtotal,O
108,:,O
108,"$3,648.22",O
108,Tax,O
108,(,O
108,7.0%,O
108,),O
108,:,O
108,$255.38,B-Tax
108,Total,O
108,Due,O
108,:,O
108,"$3,903.59",B-Total
108,Payment,O
108,is,O
108,due,O
108,within,O
108,30,O
108,days.,O
108,Thank,O
108,you,O
108,for,O
108,your,O
108,business.,O
109,Harbor,B-Vendor
109,View,I-Vendor
109,Office,I-Vendor
109,Supplies,I-Vendor
109,Invoice,O
109,Number,O
109,:,O
109,INV-,O
109,47639,O
109,Invoice,O
109,Date,O
109,:,O
109,10/03/2026,B-Date
109,Bill,O
109,To,O
109,:,O
109,Customer,O
109,Account,O
109,#,O
109,2189,O
109,Subtotal,O
109,:,O
109,$479.74,O
109,Tax,O
109,(,O
109,7.0%,O
109,),O
109,:,O
109,$33.58,B-Tax
109,Total,O
109,Due,O
109,:,O
109,$513.32,B-Total
109,Payment,O
109,is,O
109,due,O
109,within,O
109,30,O
109,days.,O
109,Thank,O
109,you,O
109,for,O
109,your,O
109,business.,O
110,Sunrise,B-Vendor
110,Printing,I-Vendor
110,Co,I-Vendor
110,Invoice,O
110,Number,O
110,:,O
110,INV-,O
110,35057,O
110,Invoice,O
110,Date,O
110,:,O
110,2023-12-14,B-Date
110,Bill,O
110,To,O
110,:,O
110,Customer,O
110,Account,O
110,#,O
110,4820,O
110,Subtotal,O
110,:,O
110,"$4,647.18",O
110,Tax,O
110,(,O
110,5.0%,O
110,),O
110,:,O
110,$232.36,B-Tax
110,Total,O
110,Due,O
110,:,O
110,"$4,879.54",B-Total
110,Payment,O
110,is,O
110,due,O
110,within,O
110,30,O
110,days.,O
110,Thank,O
110,you,O
110,for,O
110,your,O
110,business.,O
111,Bright,B-Vendor
111,Path,I-Vendor
111,Tutoring,I-Vendor
111,Invoice,O
111,Number,O
111,:,O
111,INV-,O
111,18230,O
111,Invoice,O
111,Date,O
111,:,O
111,11/06/2024,B-Date
111,Bill,O
111,To,O
111,:,O
111,Customer,O
111,Account,O
111,#,O
111,8081,O
111,Subtotal,O
111,:,O
111,$116.06,O
111,Tax,O
111,(,O
111,7.5%,O
111,),O
111,:,O
111,$8.70,B-Tax
111,Total,O
111,Due,O
111,:,O
111,$124.76,B-Total
111,Payment,O
111,is,O
111,due,O
111,within,O
111,30,O
111,days.,O
111,Thank,O
111,you,O
111,for,O
111,your,O
111,business.,O
112,Cedarwood,B-Vendor
112,Furniture,I-Vendor
112,Invoice,O
112,Number,O
112,:,O
112,INV-,O
112,29117,O
112,Invoice,O
112,Date,O
112,:,O
112,2023-01-25,B-Date
112,Bill,O
112,To,O
112,:,O
112,Customer,O
112,Account,O
112,#,O
112,3060,O
112,Subtotal,O
112,:,O
112,"$3,463.01",O
112,Tax,O
112,(,O
112,9.0%,O
112,),O
112,:,O
112,$311.67,B-Tax
112,Total,O
112,Due,O
112,:,O
112,"$3,774.68",B-Total
112,Payment,O
112,is,O
112,due,O
112,within,O
112,30,O
112,days.,O
112,Thank,O
112,you,O
112,for,O
112,your,O
112,business.,O
113,Redwood,B-Vendor
113,Hardware,I-Vendor
113,Invoice,O
113,Number,O
113,:,O
113,INV-,O
113,38311,O
113,Invoice,O
113,Date,O
113,:,O
113,04/22/2026,B-Date
113,Bill,O
113,To,O
113,:,O
113,Customer,O
113,Account,O
113,#,O
113,8334,O
113,Subtotal,O
113,:,O
113,$734.81,O
113,Tax,O
113,(,O
113,8.5%,O
113,),O
113,:,O
113,$62.46,B-Tax
113,Total,O
113,Due,O
113,:,O
113,$797.27,B-Total
113,Payment,O
113,is,O
113,due,O
113,within,O
113,30,O
113,days.,O
113,Thank,O
113,you,O
113,for,O
113,your,O
113,business.,O
114,Willow,B-Vendor
114,Creek,I-Vendor
114,Farms,I-Vendor
114,Invoice,O
114,Number,O
114,:,O
114,INV-,O
114,86195,O
114,Invoice,O
114,Date,O
114,:,O
114,05/02/2023,B-Date
114,Bill,O
114,To,O
114,:,O
114,Customer,O
114,Account,O
114,#,O
114,5535,O
114,Subtotal,O
114,:,O
114,"$2,795.38",O
114,Tax,O
114,(,O
114,6.0%,O
114,),O
114,:,O
114,$167.72,B-Tax
114,Total,O
114,Due,O
114,:,O
114,"$2,963.11",B-Total
114,Payment,O
114,is,O
114,due,O
114,within,O
114,30,O
114,days.,O
114,Thank,O
114,you,O
114,for,O
114,your,O
114,business.,O
115,Blue,B-Vendor
115,Ocean,I-Vendor
115,Traders,I-Vendor
115,Invoice,O
115,Number,O
115,:,O
115,INV-,O
115,62465,O
115,Invoice,O
115,Date,O
115,:,O
115,2025-10-26,B-Date
115,Bill,O
115,To,O
115,:,O
115,Customer,O
115,Account,O
115,#,O
115,6659,O
115,Subtotal,O
115,:,O
115,"$1,632.70",O
115,Tax,O
115,(,O
115,8.0%,O
115,),O
115,:,O
115,$130.62,B-Tax
115,Total,O
115,Due,O
115,:,O
115,"$1,763.32",B-Total
115,Payment,O
115,is,O
115,due,O
115,within,O
115,30,O
115,days.,O
115,Thank,O
115,you,O
115,for,O
115,your,O
115,business.,O
116,Cobalt,B-Vendor
116,Software,I-Vendor
116,Solutions,I-Vendor
116,Invoice,O
116,Number,O
116,:,O
116,INV-,O
116,67210,O
116,Invoice,O
116,Date,O
116,:,O
116,12/10/2024,B-Date
116,Bill,O
116,To,O
116,:,O
116,Customer,O
116,Account,O
116,#,O
116,2810,O
116,Subtotal,O
116,:,O
116,"$3,812.88",O
116,Tax,O
116,(,O
116,10.0%,O
116,),O
116,:,O
116,$381.29,B-Tax
116,Total,O
116,Due,O
116,:,O
116,"$4,194.17",B-Total
116,Payment,O
116,is,O
116,due,O
116,within,O
116,30,O
116,days.,O
116,Thank,O
116,you,O
116,for,O
116,your,O
116,business.,O
117,Maple,B-Vendor
117,Leaf,I-Vendor
117,Bakery,I-Vendor
117,Invoice,O
117,Number,O
117,:,O
117,INV-,O
117,20943,O
117,Invoice,O
117,Date,O
117,:,O
117,2024-09-06,B-Date
117,Bill,O
117,To,O
117,:,O
117,Customer,O
117,Account,O
117,#,O
117,1238,O
117,Subtotal,O
117,:,O
117,"$1,998.70",O
117,Tax,O
117,(,O
117,8.5%,O
117,),O
117,:,O
117,$169.89,B-Tax
117,Total,O
117,Due,O
117,:,O
117,"$2,168.58",B-Total
117,Payment,O
117,is,O
117,due,O
117,within,O
117,30,O
117,days.,O
117,Thank,O
117,you,O
117,for,O
117,your,O
117,business.,O
118,Pioneer,B-Vendor
118,Freight,I-Vendor
118,Services,I-Vendor
118,Invoice,O
118,Number,O
118,:,O
118,INV-,O
118,35081,O
118,Invoice,O
118,Date,O
118,:,O
118,03/07/2026,B-Date
118,Bill,O
118,To,O
118,:,O
118,Customer,O
118,Account,O
118,#,O
118,8757,O
118,Subtotal,O
118,:,O
118,"$3,680.96",O
118,Tax,O
118,(,O
118,7.5%,O
118,),O
118,:,O
118,$276.07,B-Tax
118,Total,O
118,Due,O
118,:,O
118,"$3,957.03",B-Total
118,Payment,O
118,is,O
118,due,O
118,within,O
118,30,O
118,days.,O
118,Thank,O
118,you,O
118,for,O
118,your,O
118,business.,O
119,Titan,B-Vendor
119,Steel,I-Vendor
119,Works,I-Vendor
119,Invoice,O
119,Number,O
119,:,O
119,INV-,O
119,55821,O
119,Invoice,O
119,Date,O
119,:,O
119,06/12/2024,B-Date
119,Bill,O
119,To,O
119,:,O
119,Customer,O
119,Account,O
119,#,O
119,1693,O
119,Subtotal,O
119,:,O
119,"$1,596.91",O
119,Tax,O
119,(,O
119,7.0%,O
119,),O
119,:,O
119,$111.78,B-Tax
119,Total,O
119,Due,O
119,:,O
119,"$1,708.69",B-Total
119,Payment,O
119,is,O
119,due,O
119,within,O
119,30,O
119,days.,O
119,Thank,O
119,you,O
119,for,O
119,your,O
119,business.,O
120,Ironclad,B-Vendor
120,Security,I-Vendor
120,Systems,I-Vendor
120,Invoice,O
120,Number,O
120,:,O
120,INV-,O
120,51920,O
120,Invoice,O
120,Date,O
120,:,O
120,2023-03-06,B-Date
120,Bill,O
120,To,O
120,:,O
120,Customer,O
120,Account,O
120,#,O
120,5086,O
120,Subtotal,O
120,:,O
120,$409.02,O
120,Tax,O
120,(,O
120,9.0%,O
120,),O
120,:,O
120,$36.81,B-Tax
120,Total,O
120,Due,O
120,:,O
120,$445.83,B-Total
120,Payment,O
120,is,O
120,due,O
120,within,O
120,30,O
120,days.,O
120,Thank,O
120,you,O
120,for,O
120,your,O
120,business.,O
121,Golden,B-Vendor
121,Gate,I-Vendor
121,Consulting,I-Vendor
121,Invoice,O
121,Number,O
121,:,O
121,INV-,O
121,59690,O
121,Invoice,O
121,Date,O
121,:,O
121,12/20/2026,B-Date
121,Bill,O
121,To,O
121,:,O
121,Customer,O
121,Account,O
121,#,O
121,5560,O
121,Subtotal,O
121,:,O
121,"$2,904.02",O
121,Tax,O
121,(,O
121,7.0%,O
121,),O
121,:,O
121,$203.28,B-Tax
121,Total,O
121,Due,O
121,:,O
121,"$3,107.30",B-Total
121,Payment,O
121,is,O
121,due,O
121,within,O
121,30,O
121,days.,O
121,Thank,O
121,you,O
121,for,O
121,your,O
121,business.,O
122,Willow,B-Vendor
122,Creek,I-Vendor
122,Farms,I-Vendor
122,Invoice,O
122,Number,O
122,:,O
122,INV-,O
122,82414,O
122,Invoice,O
122,Date,O
122,:,O
122,2023-11-27,B-Date
122,Bill,O
122,To,O
122,:,O
122,Customer,O
122,Account,O
122,#,O
122,4134,O
122,Subtotal,O
122,:,O
122,"$2,423.34",O
122,Tax,O
122,(,O
122,9.0%,O
122,),O
122,:,O
122,$218.10,B-Tax
122,Total,O
122,Due,O
122,:,O
122,"$2,641.45",B-Total
122,Payment,O
122,is,O
122,due,O
122,within,O
122,30,O
122,days.,O
122,Thank,O
122,you,O
122,for,O
122,your,O
122,business.,O
123,Blue,B-Vendor
123,Ocean,I-Vendor
123,Traders,I-Vendor
123,Invoice,O
123,Number,O
123,:,O
123,INV-,O
123,53991,O
123,Invoice,O
123,Date,O
123,:,O
123,11/29/2024,B-Date
123,Bill,O
123,To,O
123,:,O
123,Customer,O
123,Account,O
123,#,O
123,5694,O
123,Subtotal,O
123,:,O
123,$128.04,O
123,Tax,O
123,(,O
123,9.0%,O
123,),O
123,:,O
123,$11.52,B-Tax
123,Total,O
123,Due,O
123,:,O
123,$139.56,B-Total
123,Payment,O
123,is,O
123,due,O
123,within,O
123,30,O
123,days.,O
123,Thank,O
123,you,O
123,for,O
123,your,O
123,business.,O
124,Golden,B-Vendor
124,Gate,I-Vendor
124,Consulting,I-Vendor
124,Invoice,O
124,Number,O
124,:,O
124,INV-,O
124,83137,O
124,Invoice,O
124,Date,O
124,:,O
124,10/03/2024,B-Date
124,Bill,O
124,To,O
124,:,O
124,Customer,O
124,Account,O
124,#,O
124,4860,O
124,Subtotal,O
124,:,O
124,"$1,398.14",O
124,Tax,O
124,(,O
124,7.0%,O
124,),O
124,:,O
124,$97.87,B-Tax
124,Total,O
124,Due,O
124,:,O
124,"$1,496.01",B-Total
124,Payment,O
124,is,O
124,due,O
124,within,O
124,30,O
124,days.,O
124,Thank,O
124,you,O
124,for,O
124,your,O
124,business.,O
125,Titan,B-Vendor
125,Steel,I-Vendor
125,Works,I-Vendor
125,Invoice,O
125,Number,O
125,:,O
125,INV-,O
125,77338,O
125,Invoice,O
125,Date,O
125,:,O
125,2026-12-31,B-Date
125,Bill,O
125,To,O
125,:,O
125,Customer,O
125,Account,O
125,#,O
125,4529,O
125,Subtotal,O
125,:,O
125,$304.44,O
125,Tax,O
125,(,O
125,7.0%,O
125,),O
125,:,O
125,$21.31,B-Tax
125,Total,O
125,Due,O
125,:,O
125,$325.75,B-Total
125,Payment,O
125,is,O
125,due,O
125,within,O
125,30,O
125,days.,O
125,Thank,O
125,you,O
125,for,O
125,your,O
125,business.,O
126,Acme,B-Vendor
126,Supply,I-Vendor
126,Co,I-Vendor
126,Invoice,O
126,Number,O
126,:,O
126,INV-,O
126,62146,O
126,Invoice,O
126,Date,O
126,:,O
126,2023-01-18,B-Date
126,Bill,O
126,To,O
126,:,O
126,Customer,O
126,Account,O
126,#,O
126,5715,O
126,Subtotal,O
126,:,O
126,"$4,772.52",O
126,Tax,O
126,(,O
126,8.0%,O
126,),O
126,:,O
126,$381.80,B-Tax
126,Total,O
126,Due,O
126,:,O
126,"$5,154.32",B-Total
126,Payment,O
126,is,O
126,due,O
126,within,O
126,30,O
126,days.,O
126,Thank,O
126,you,O
126,for,O
126,your,O
126,business.,O
127,Delta,B-Vendor
127,Analytics,I-Vendor
127,Group,I-Vendor
127,Invoice,O
127,Number,O
127,:,O
127,INV-,O
127,16418,O
127,Invoice,O
127,Date,O
127,:,O
127,2025-07-22,B-Date
127,Bill,O
127,To,O
127,:,O
127,Customer,O
127,Account,O
127,#,O
127,8224,O
127,Subtotal,O
127,:,O
127,"$2,987.50",O
127,Tax,O
127,(,O
127,9.0%,O
127,),O
127,:,O
127,$268.87,B-Tax
127,Total,O
127,Due,O
127,:,O
127,"$3,256.37",B-Total
127,Payment,O
127,is,O
127,due,O
127,within,O
127,30,O
127,days.,O
127,Thank,O
127,you,O
127,for,O
127,your,O
127,business.,O
128,Alpine,B-Vendor
128,Water,I-Vendor
128,Co,I-Vendor
128,Invoice,O
128,Number,O
128,:,O
128,INV-,O
128,24934,O
128,Invoice,O
128,Date,O
128,:,O
128,2025-06-18,B-Date
128,Bill,O
128,To,O
128,:,O
128,Customer,O
128,Account,O
128,#,O
128,5807,O
128,Subtotal,O
128,:,O
128,"$2,505.59",O
128,Tax,O
128,(,O
128,6.0%,O
128,),O
128,:,O
128,$150.34,B-Tax
128,Total,O
128,Due,O
128,:,O
128,"$2,655.92",B-Total
128,Payment,O
128,is,O
128,due,O
128,within,O
128,30,O
128,days.,O
128,Thank,O
128,you,O
128,for,O
128,your,O
128,business.,O
129,Delta,B-Vendor
129,Analytics,I-Vendor
129,Group,I-Vendor
129,Invoice,O
129,Number,O
129,:,O
129,INV-,O
129,38485,O
129,Invoice,O
129,Date,O
129,:,O
129,02/24/2025,B-Date
129,Bill,O
129,To,O
129,:,O
129,Customer,O
129,Account,O
129,#,O
129,4626,O
129,Subtotal,O
129,:,O
129,"$3,695.07",O
129,Tax,O
129,(,O
129,8.0%,O
129,),O
129,:,O
129,$295.61,B-Tax
129,Total,O
129,Due,O
129,:,O
129,"$3,990.67",B-Total
129,Payment,O
129,is,O
129,due,O
129,within,O
129,30,O
129,days.,O
129,Thank,O
129,you,O
129,for,O
129,your,O
129,business.,O
130,Harbor,B-Vendor
130,View,I-Vendor
130,Office,I-Vendor
130,Supplies,I-Vendor
130,Invoice,O
130,Number,O
130,:,O
130,INV-,O
130,60325,O
130,Invoice,O
130,Date,O
130,:,O
130,2024-09-17,B-Date
130,Bill,O
130,To,O
130,:,O
130,Customer,O
130,Account,O
130,#,O
130,2320,O
130,Subtotal,O
130,:,O
130,"$3,464.64",O
130,Tax,O
130,(,O
130,6.0%,O
130,),O
130,:,O
130,$207.88,B-Tax
130,Total,O
130,Due,O
130,:,O
130,"$3,672.51",B-Total
130,Payment,O
130,is,O
130,due,O
130,within,O
130,30,O
130,days.,O
130,Thank,O
130,you,O
130,for,O
130,your,O
130,business.,O
131,Nordic,B-Vendor
131,Timber,I-Vendor
131,Group,I-Vendor
131,Invoice,O
131,Number,O
131,:,O
131,INV-,O
131,74933,O
131,Invoice,O
131,Date,O
131,:,O
131,12/19/2025,B-Date
131,Bill,O
131,To,O
131,:,O
131,Customer,O
131,Account,O
131,#,O
131,2562,O
131,Subtotal,O
131,:,O
131,"$1,322.65",O
131,Tax,O
131,(,O
131,5.0%,O
131,),O
131,:,O
131,$66.13,B-Tax
131,Total,O
131,Due,O
131,:,O
131,"$1,388.78",B-Total
131,Payment,O
131,is,O
131,due,O
131,within,O
131,30,O
131,days.,O
131,Thank,O
131,you,O
131,for,O
131,your,O
131,business.,O
132,Delta,B-Vendor
132,Analytics,I-Vendor
132,Group,I-Vendor
132,Invoice,O
132,Number,O
132,:,O
132,INV-,O
132,27324,O
132,Invoice,O
132,Date,O
132,:,O
132,09/02/2026,B-Date
132,Bill,O
132,To,O
132,:,O
132,Customer,O
132,Account,O
132,#,O
132,5427,O
132,Subtotal,O
132,:,O
132,"$1,728.86",O
132,Tax,O
132,(,O
132,8.5%,O
132,),O
132,:,O
132,$146.95,B-Tax
132,Total,O
132,Due,O
132,:,O
132,"$1,875.81",B-Total
132,Payment,O
132,is,O
132,due,O
132,within,O
132,30,O
132,days.,O
132,Thank,O
132,you,O
132,for,O
132,your,O
132,business.,O
133,Titan,B-Vendor
133,Steel,I-Vendor
133,Works,I-Vendor
133,Invoice,O
133,Number,O
133,:,O
133,INV-,O
133,97803,O
133,Invoice,O
133,Date,O
133,:,O
133,01/25/2026,B-Date
133,Bill,O
133,To,O
133,:,O
133,Customer,O
133,Account,O
133,#,O
133,5715,O
133,Subtotal,O
133,:,O
133,"$2,486.44",O
133,Tax,O
133,(,O
133,6.0%,O
133,),O
133,:,O
133,$149.19,B-Tax
133,Total,O
133,Due,O
133,:,O
133,"$2,635.63",B-Total
133,Payment,O
133,is,O
133,due,O
133,within,O
133,30,O
133,days.,O
133,Thank,O
133,you,O
133,for,O
133,your,O
133,business.,O
134,Sunrise,B-Vendor
134,Printing,I-Vendor
134,Co,I-Vendor
134,Invoice,O
134,Number,O
134,:,O
134,INV-,O
134,98387,O
134,Invoice,O
134,Date,O
134,:,O
134,2025-09-05,B-Date
134,Bill,O
134,To,O
134,:,O
134,Customer,O
134,Account,O
134,#,O
134,7861,O
134,Subtotal,O
134,:,O
134,"$1,832.70",O
134,Tax,O
134,(,O
134,8.0%,O
134,),O
134,:,O
134,$146.62,B-Tax
134,Total,O
134,Due,O
134,:,O
134,"$1,979.31",B-Total
134,Payment,O
134,is,O
134,due,O
134,within,O
134,30,O
134,days.,O
134,Thank,O
134,you,O
134,for,O
134,your,O
134,business.,O
135,Quantum,B-Vendor
135,Electronics,I-Vendor
135,Invoice,O
135,Number,O
135,:,O
135,INV-,O
135,32522,O
135,Invoice,O
135,Date,O
135,:,O
135,2024-10-09,B-Date
135,Bill,O
135,To,O
135,:,O
135,Customer,O
135,Account,O
135,#,O
135,1114,O
135,Subtotal,O
135,:,O
135,"$3,928.84",O
135,Tax,O
135,(,O
135,7.0%,O
135,),O
135,:,O
135,$275.02,B-Tax
135,Total,O
135,Due,O
135,:,O
135,"$4,203.86",B-Total
135,Payment,O
135,is,O
135,due,O
135,within,O
135,30,O
135,days.,O
135,Thank,O
135,you,O
135,for,O
135,your,O
135,business.,O
136,Titan,B-Vendor
136,Steel,I-Vendor
136,Works,I-Vendor
136,Invoice,O
136,Number,O
136,:,O
136,INV-,O
136,55707,O
136,Invoice,O
136,Date,O
136,:,O
136,2026-06-14,B-Date
136,Bill,O
136,To,O
136,:,O
136,Customer,O
136,Account,O
136,#,O
136,5413,O
136,Subtotal,O
136,:,O
136,"$3,342.60",O
136,Tax,O
136,(,O
136,6.0%,O
136,),O
136,:,O
136,$200.56,B-Tax
136,Total,O
136,Due,O
136,:,O
136,"$3,543.16",B-Total
136,Payment,O
136,is,O
136,due,O
136,within,O
136,30,O
136,days.,O
136,Thank,O
136,you,O
136,for,O
136,your,O
136,business.,O
137,Silverline,B-Vendor
137,Logistics,I-Vendor
137,Invoice,O
137,Number,O
137,:,O
137,INV-,O
137,95298,O
137,Invoice,O
137,Date,O
137,:,O
137,2023-04-30,B-Date
137,Bill,O
137,To,O
137,:,O
137,Customer,O
137,Account,O
137,#,O
137,2170,O
137,Subtotal,O
137,:,O
137,"$1,161.07",O
137,Tax,O
137,(,O
137,5.0%,O
137,),O
137,:,O
137,$58.05,B-Tax
137,Total,O
137,Due,O
137,:,O
137,"$1,219.12",B-Total
137,Payment,O
137,is,O
137,due,O
137,within,O
137,30,O
137,days.,O
137,Thank,O
137,you,O
137,for,O
137,your,O
137,business.,O
138,Delta,B-Vendor
138,Analytics,I-Vendor
138,Group,I-Vendor
138,Invoice,O
138,Number,O
138,:,O
138,INV-,O
138,13051,O
138,Invoice,O
138,Date,O
138,:,O
138,2024-05-19,B-Date
138,Bill,O
138,To,O
138,:,O
138,Customer,O
138,Account,O
138,#,O
138,3332,O
138,Subtotal,O
138,:,O
138,"$1,476.31",O
138,Tax,O
138,(,O
138,7.5%,O
138,),O
138,:,O
138,$110.72,B-Tax
138,Total,O
138,Due,O
138,:,O
138,"$1,587.03",B-Total
138,Payment,O
138,is,O
138,due,O
138,within,O
138,30,O
138,days.,O
138,Thank,O
138,you,O
138,for,O
138,your,O
138,business.,O
139,Pioneer,B-Vendor
139,Freight,I-Vendor
139,Services,I-Vendor
139,Invoice,O
139,Number,O
139,:,O
139,INV-,O
139,87912,O
139,Invoice,O
139,Date,O
139,:,O
139,04/07/2026,B-Date
139,Bill,O
139,To,O
139,:,O
139,Customer,O
139,Account,O
139,#,O
139,4659,O
139,Subtotal,O
139,:,O
139,"$3,799.37",O
139,Tax,O
139,(,O
139,7.5%,O
139,),O
139,:,O
139,$284.95,B-Tax
139,Total,O
139,Due,O
139,:,O
139,"$4,084.33",B-Total
139,Payment,O
139,is,O
139,due,O
139,within,O
139,30,O
139,days.,O
139,Thank,O
139,you,O
139,for,O
139,your,O
139,business.,O
140,Golden,B-Vendor
140,Gate,I-Vendor
140,Consulting,I-Vendor
140,Invoice,O
140,Number,O
140,:,O
140,INV-,O
140,32780,O
140,Invoice,O
140,Date,O
140,:,O
140,05/10/2026,B-Date
140,Bill,O
140,To,O
140,:,O
140,Customer,O
140,Account,O
140,#,O
140,5019,O
140,Subtotal,O
140,:,O
140,"$3,706.22",O
140,Tax,O
140,(,O
140,7.5%,O
140,),O
140,:,O
140,$277.97,B-Tax
140,Total,O
140,Due,O
140,:,O
140,"$3,984.19",B-Total
140,Payment,O
140,is,O
140,due,O
140,within,O
140,30,O
140,days.,O
140,Thank,O
140,you,O
140,for,O
140,your,O
140,business.,O
141,Nordic,B-Vendor
141,Timber,I-Vendor
141,Group,I-Vendor
141,Invoice,O
141,Number,O
141,:,O
141,INV-,O
141,47641,O
141,Invoice,O
141,Date,O
141,:,O
141,2024-08-25,B-Date
141,Bill,O
141,To,O
141,:,O
141,Customer,O
141,Account,O
141,#,O
141,7410,O
141,Subtotal,O
141,:,O
141,$814.92,O
141,Tax,O
141,(,O
141,10.0%,O
141,),O
141,:,O
141,$81.49,B-Tax
141,Total,O
141,Due,O
141,:,O
141,$896.41,B-Total
141,Payment,O
141,is,O
141,due,O
141,within,O
141,30,O
141,days.,O
141,Thank,O
141,you,O
141,for,O
141,your,O
141,business.,O
142,Ironclad,B-Vendor
142,Security,I-Vendor
142,Systems,I-Vendor
142,Invoice,O
142,Number,O
142,:,O
142,INV-,O
142,21597,O
142,Invoice,O
142,Date,O
142,:,O
142,2024-05-31,B-Date
142,Bill,O
142,To,O
142,:,O
142,Customer,O
142,Account,O
142,#,O
142,2435,O
142,Subtotal,O
142,:,O
142,"$3,509.27",O
142,Tax,O
142,(,O
142,6.0%,O
142,),O
142,:,O
142,$210.56,B-Tax
142,Total,O
142,Due,O
142,:,O
142,"$3,719.82",B-Total
142,Payment,O
142,is,O
142,due,O
142,within,O
142,30,O
142,days.,O
142,Thank,O
142,you,O
142,for,O
142,your,O
142,business.,O
143,Cedarwood,B-Vendor
143,Furniture,I-Vendor
143,Invoice,O
143,Number,O
143,:,O
143,INV-,O
143,92809,O
143,Invoice,O
143,Date,O
143,:,O
143,2025-02-23,B-Date
143,Bill,O
143,To,O
143,:,O
143,Customer,O
143,Account,O
143,#,O
143,1297,O
143,Subtotal,O
143,:,O
143,"$4,696.00",O
143,Tax,O
143,(,O
143,7.0%,O
143,),O
143,:,O
143,$328.72,B-Tax
143,Total,O
143,Due,O
143,:,O
143,"$5,024.72",B-Total
143,Payment,O
143,is,O
143,due,O
143,within,O
143,30,O
143,days.,O
143,Thank,O
143,you,O
143,for,O
143,your,O
143,business.,O
144,Cobalt,B-Vendor
144,Software,I-Vendor
144,Solutions,I-Vendor
144,Invoice,O
144,Number,O
144,:,O
144,INV-,O
144,51290,O
144,Invoice,O
144,Date,O
144,:,O
144,11/03/2026,B-Date
144,Bill,O
144,To,O
144,:,O
144,Customer,O
144,Account,O
144,#,O
144,8536,O
144,Subtotal,O
144,:,O
144,"$2,886.10",O
144,Tax,O
144,(,O
144,10.0%,O
144,),O
144,:,O
144,$288.61,B-Tax
144,Total,O
144,Due,O
144,:,O
144,"$3,174.71",B-Total
144,Payment,O
144,is,O
144,due,O
144,within,O
144,30,O
144,days.,O
144,Thank,O
144,you,O
144,for,O
144,your,O
144,business.,O
145,Sunrise,B-Vendor
145,Printing,I-Vendor
145,Co,I-Vendor
145,Invoice,O
145,Number,O
145,:,O
145,INV-,O
145,92742,O
145,Invoice,O
145,Date,O
145,:,O
145,09/19/2026,B-Date
145,Bill,O
145,To,O
145,:,O
145,Customer,O
145,Account,O
145,#,O
145,8314,O
145,Subtotal,O
145,:,O
145,$867.68,O
145,Tax,O
145,(,O
145,10.0%,O
145,),O
145,:,O
145,$86.77,B-Tax
145,Total,O
145,Due,O
145,:,O
145,$954.45,B-Total
145,Payment,O
145,is,O
145,due,O
145,within,O
145,30,O
145,days.,O
145,Thank,O
145,you,O
145,for,O
145,your,O
145,business.,O
146,Cobalt,B-Vendor
146,Software,I-Vendor
146,Solutions,I-Vendor
146,Invoice,O
146,Number,O
146,:,O
146,INV-,O
146,33943,O
146,Invoice,O
146,Date,O
146,:,O
146,09/27/2024,B-Date
146,Bill,O
146,To,O
146,:,O
146,Customer,O
146,Account,O
146,#,O
146,2945,O
146,Subtotal,O
146,:,O
146,"$4,960.79",O
146,Tax,O
146,(,O
146,7.5%,O
146,),O
146,:,O
146,$372.06,B-Tax
146,Total,O
146,Due,O
146,:,O
146,"$5,332.85",B-Total
146,Payment,O
146,is,O
146,due,O
146,within,O
146,30,O
146,days.,O
146,Thank,O
146,you,O
146,for,O
146,your,O
146,business.,O
147,Titan,B-Vendor
147,Steel,I-Vendor
147,Works,I-Vendor
147,Invoice,O
147,Number,O
147,:,O
147,INV-,O
147,69223,O
147,Invoice,O
147,Date,O
147,:,O
147,12/21/2024,B-Date
147,Bill,O
147,To,O
147,:,O
147,Customer,O
147,Account,O
147,#,O
147,4652,O
147,Subtotal,O
147,:,O
147,"$4,707.03",O
147,Tax,O
147,(,O
147,7.0%,O
147,),O
147,:,O
147,$329.49,B-Tax
147,Total,O
147,Due,O
147,:,O
147,"$5,036.52",B-Total
147,Payment,O
147,is,O
147,due,O
147,within,O
147,30,O
147,days.,O
147,Thank,O
147,you,O
147,for,O
147,your,O
147,business.,O
148,Maple,B-Vendor
148,Leaf,I-Vendor
148,Bakery,I-Vendor
148,Invoice,O
148,Number,O
148,:,O
148,INV-,O
148,44750,O
148,Invoice,O
148,Date,O
148,:,O
148,02/14/2024,B-Date
148,Bill,O
148,To,O
148,:,O
148,Customer,O
148,Account,O
148,#,O
148,2109,O
148,Subtotal,O
148,:,O
148,"$2,296.17",O
148,Tax,O
148,(,O
148,6.0%,O
148,),O
148,:,O
148,$137.77,B-Tax
148,Total,O
148,Due,O
148,:,O
148,"$2,433.94",B-Total
148,Payment,O
148,is,O
148,due,O
148,within,O
148,30,O
148,days.,O
148,Thank,O
148,you,O
148,for,O
148,your,O
148,business.,O
149,Harbor,B-Vendor
149,View,I-Vendor
149,Office,I-Vendor
149,Supplies,I-Vendor
149,Invoice,O
149,Number,O
149,:,O
149,INV-,O
149,52183,O
149,Invoice,O
149,Date,O
149,:,O
149,2023-01-26,B-Date
149,Bill,O
149,To,O
149,:,O
149,Customer,O
149,Account,O
149,#,O
149,7046,O
149,Subtotal,O
149,:,O
149,"$2,866.05",O
149,Tax,O
149,(,O
149,9.0%,O
149,),O
149,:,O
149,$257.94,B-Tax
149,Total,O
149,Due,O
149,:,O
149,"$3,123.99",B-Total
149,Payment,O
149,is,O
149,due,O
149,within,O
149,30,O
149,days.,O
149,Thank,O
149,you,O
149,for,O
149,your,O
149,business.,O
150,Cobalt,B-Vendor
150,Software,I-Vendor
150,Solutions,I-Vendor
150,Invoice,O
150,Number,O
150,:,O
150,INV-,O
150,37352,O
150,Invoice,O
150,Date,O
150,:,O
150,2026-07-08,B-Date
150,Bill,O
150,To,O
150,:,O
150,Customer,O
150,Account,O
150,#,O
150,5707,O
150,Subtotal,O
150,:,O
150,"$1,461.75",O
150,Tax,O
150,(,O
150,7.5%,O
150,),O
150,:,O
150,$109.63,B-Tax
150,Total,O
150,Due,O
150,:,O
150,"$1,571.38",B-Total
150,Payment,O
150,is,O
150,due,O
150,within,O
150,30,O
150,days.,O
150,Thank,O
150,you,O
150,for,O
150,your,O
150,business.,O
151,Quantum,B-Vendor
151,Electronics,I-Vendor
151,Invoice,O
151,Number,O
151,:,O
151,INV-,O
151,32998,O
151,Invoice,O
151,Date,O
151,:,O
151,2024-04-10,B-Date
151,Bill,O
151,To,O
151,:,O
151,Customer,O
151,Account,O
151,#,O
151,1957,O
151,Subtotal,O
151,:,O
151,"$1,014.20",O
151,Tax,O
151,(,O
151,8.5%,O
151,),O
151,:,O
151,$86.21,B-Tax
151,Total,O
151,Due,O
151,:,O
151,"$1,100.40",B-Total
151,Payment,O
151,is,O
151,due,O
151,within,O
151,30,O
151,days.,O
151,Thank,O
151,you,O
151,for,O
151,your,O
151,business.,O
152,Alpine,B-Vendor
152,Water,I-Vendor
152,Co,I-Vendor
152,Invoice,O
152,Number,O
152,:,O
152,INV-,O
152,13066,O
152,Invoice,O
152,Date,O
152,:,O
152,04/09/2025,B-Date
152,Bill,O
152,To,O
152,:,O
152,Customer,O
152,Account,O
152,#,O
152,7670,O
152,Subtotal,O
152,:,O
152,"$3,216.60",O
152,Tax,O
152,(,O
152,8.5%,O
152,),O
152,:,O
152,$273.41,B-Tax
152,Total,O
152,Due,O
152,:,O
152,"$3,490.01",B-Total
152,Payment,O
152,is,O
152,due,O
152,within,O
152,30,O
152,days.,O
152,Thank,O
152,you,O
152,for,O
152,your,O
152,business.,O
153,Harbor,B-Vendor
153,View,I-Vendor
153,Office,I-Vendor
153,Supplies,I-Vendor
153,Invoice,O
153,Number,O
153,:,O
153,INV-,O
153,77703,O
153,Invoice,O
153,Date,O
153,:,O
153,04/20/2026,B-Date
153,Bill,O
153,To,O
153,:,O
153,Customer,O
153,Account,O
153,#,O
153,6308,O
153,Subtotal,O
153,:,O
153,"$3,086.79",O
153,Tax,O
153,(,O
153,7.0%,O
153,),O
153,:,O
153,$216.08,B-Tax
153,Total,O
153,Due,O
153,:,O
153,"$3,302.87",B-Total
153,Payment,O
153,is,O
153,due,O
153,within,O
153,30,O
153,days.,O
153,Thank,O
153,you,O
153,for,O
153,your,O
153,business.,O
154,Quantum,B-Vendor
154,Electronics,I-Vendor
154,Invoice,O
154,Number,O
154,:,O
154,INV-,O
154,28212,O
154,Invoice,O
154,Date,O
154,:,O
154,03/03/2023,B-Date
154,Bill,O
154,To,O
154,:,O
154,Customer,O
154,Account,O
154,#,O
154,7526,O
154,Subtotal,O
154,:,O
154,"$4,851.65",O
154,Tax,O
154,(,O
154,7.0%,O
154,),O
154,:,O
154,$339.62,B-Tax
154,Total,O
154,Due,O
154,:,O
154,"$5,191.27",B-Total
154,Payment,O
154,is,O
154,due,O
154,within,O
154,30,O
154,days.,O
154,Thank,O
154,you,O
154,for,O
154,your,O
154,business.,O
155,Redwood,B-Vendor
155,Hardware,I-Vendor
155,Invoice,O
155,Number,O
155,:,O
155,INV-,O
155,14159,O
155,Invoice,O
155,Date,O
155,:,O
155,2023-12-19,B-Date
155,Bill,O
155,To,O
155,:,O
155,Customer,O
155,Account,O
155,#,O
155,9914,O
155,Subtotal,O
155,:,O
155,"$3,065.93",O
155,Tax,O
155,(,O
155,7.0%,O
155,),O
155,:,O
155,$214.62,B-Tax
155,Total,O
155,Due,O
155,:,O
155,"$3,280.55",B-Total
155,Payment,O
155,is,O
155,due,O
155,within,O
155,30,O
155,days.,O
155,Thank,O
155,you,O
155,for,O
155,your,O
155,business.,O
156,Titan,B-Vendor
156,Steel,I-Vendor
156,Works,I-Vendor
156,Invoice,O
156,Number,O
156,:,O
156,INV-,O
156,73214,O
156,Invoice,O
156,Date,O
156,:,O
156,2026-10-17,B-Date
156,Bill,O
156,To,O
156,:,O
156,Customer,O
156,Account,O
156,#,O
156,3572,O
156,Subtotal,O
156,:,O
156,"$3,046.39",O
156,Tax,O
156,(,O
156,7.0%,O
156,),O
156,:,O
156,$213.25,B-Tax
156,Total,O
156,Due,O
156,:,O
156,"$3,259.64",B-Total
156,Payment,O
156,is,O
156,due,O
156,within,O
156,30,O
156,days.,O
156,Thank,O
156,you,O
156,for,O
156,your,O
156,business.,O
157,Pioneer,B-Vendor
157,Freight,I-Vendor
157,Services,I-Vendor
157,Invoice,O
157,Number,O
157,:,O
157,INV-,O
157,23379,O
157,Invoice,O
157,Date,O
157,:,O
157,2026-01-12,B-Date
157,Bill,O
157,To,O
157,:,O
157,Customer,O
157,Account,O
157,#,O
157,1682,O
157,Subtotal,O
157,:,O
157,"$2,795.28",O
157,Tax,O
157,(,O
157,5.0%,O
157,),O
157,:,O
157,$139.76,B-Tax
157,Total,O
157,Due,O
157,:,O
157,"$2,935.04",B-Total
157,Payment,O
157,is,O
157,due,O
157,within,O
157,30,O
157,days.,O
157,Thank,O
157,you,O
157,for,O
157,your,O
157,business.,O
158,Maple,B-Vendor
158,Leaf,I-Vendor
158,Bakery,I-Vendor
158,Invoice,O
158,Number,O
158,:,O
158,INV-,O
158,93421,O
158,Invoice,O
158,Date,O
158,:,O
158,2023-07-03,B-Date
158,Bill,O
158,To,O
158,:,O
158,Customer,O
158,Account,O
158,#,O
158,9796,O
158,Subtotal,O
158,:,O
158,$251.21,O
158,Tax,O
158,(,O
158,6.0%,O
158,),O
158,:,O
158,$15.07,B-Tax
158,Total,O
158,Due,O
158,:,O
158,$266.29,B-Total
158,Payment,O
158,is,O
158,due,O
158,within,O
158,30,O
158,days.,O
158,Thank,O
158,you,O
158,for,O
158,your,O
158,business.,O
159,Harbor,B-Vendor
159,View,I-Vendor
159,Office,I-Vendor
159,Supplies,I-Vendor
159,Invoice,O
159,Number,O
159,:,O
159,INV-,O
159,44822,O
159,Invoice,O
159,Date,O
159,:,O
159,2025-09-27,B-Date
159,Bill,O
159,To,O
159,:,O
159,Customer,O
159,Account,O
159,#,O
159,9645,O
159,Subtotal,O
159,:,O
159,"$1,300.58",O
159,Tax,O
159,(,O
159,5.0%,O
159,),O
159,:,O
159,$65.03,B-Tax
159,Total,O
159,Due,O
159,:,O
159,"$1,365.61",B-Total
159,Payment,O
159,is,O
159,due,O
159,within,O
159,30,O
159,days.,O
159,Thank,O
159,you,O
159,for,O
159,your,O
159,business.,O
160,Evergreen,B-Vendor
160,Landscaping,I-Vendor
160,Invoice,O
160,Number,O
160,:,O
160,INV-,O
160,12513,O
160,Invoice,O
160,Date,O
160,:,O
160,12/03/2026,B-Date
160,Bill,O
160,To,O
160,:,O
160,Customer,O
160,Account,O
160,#,O
160,8543,O
160,Subtotal,O
160,:,O
160,"$1,658.45",O
160,Tax,O
160,(,O
160,7.5%,O
160,),O
160,:,O
160,$124.38,B-Tax
160,Total,O
160,Due,O
160,:,O
160,"$1,782.83",B-Total
160,Payment,O
160,is,O
160,due,O
160,within,O
160,30,O
160,days.,O
160,Thank,O
160,you,O
160,for,O
160,your,O
160,business.,O
161,Golden,B-Vendor
161,Gate,I-Vendor
161,Consulting,I-Vendor
161,Invoice,O
161,Number,O
161,:,O
161,INV-,O
161,33585,O
161,Invoice,O
161,Date,O
161,:,O
161,2023-02-19,B-Date
161,Bill,O
161,To,O
161,:,O
161,Customer,O
161,Account,O
161,#,O
161,2401,O
161,Subtotal,O
161,:,O
161,$592.17,O
161,Tax,O
161,(,O
161,8.5%,O
161,),O
161,:,O
161,$50.33,B-Tax
161,Total,O
161,Due,O
161,:,O
161,$642.50,B-Total
161,Payment,O
161,is,O
161,due,O
161,within,O
161,30,O
161,days.,O
161,Thank,O
161,you,O
161,for,O
161,your,O
161,business.,O
162,Maple,B-Vendor
162,Leaf,I-Vendor
162,Bakery,I-Vendor
162,Invoice,O
162,Number,O
162,:,O
162,INV-,O
162,81632,O
162,Invoice,O
162,Date,O
162,:,O
162,2026-07-11,B-Date
162,Bill,O
162,To,O
162,:,O
162,Customer,O
162,Account,O
162,#,O
162,5678,O
162,Subtotal,O
162,:,O
162,$524.04,O
162,Tax,O
162,(,O
162,8.5%,O
162,),O
162,:,O
162,$44.54,B-Tax
162,Total,O
162,Due,O
162,:,O
162,$568.59,B-Total
162,Payment,O
162,is,O
162,due,O
162,within,O
162,30,O
162,days.,O
162,Thank,O
162,you,O
162,for,O
162,your,O
162,business.,O
163,Evergreen,B-Vendor
163,Landscaping,I-Vendor
163,Invoice,O
163,Number,O
163,:,O
163,INV-,O
163,30838,O
163,Invoice,O
163,Date,O
163,:,O
163,08/01/2025,B-Date
163,Bill,O
163,To,O
163,:,O
163,Customer,O
163,Account,O
163,#,O
163,6252,O
163,Subtotal,O
163,:,O
163,"$1,375.50",O
163,Tax,O
163,(,O
163,5.0%,O
163,),O
163,:,O
163,$68.77,B-Tax
163,Total,O
163,Due,O
163,:,O
163,"$1,444.27",B-Total
163,Payment,O
163,is,O
163,due,O
163,within,O
163,30,O
163,days.,O
163,Thank,O
163,you,O
163,for,O
163,your,O
163,business.,O
164,Maple,B-Vendor
164,Leaf,I-Vendor
164,Bakery,I-Vendor
164,Invoice,O
164,Number,O
164,:,O
164,INV-,O
164,11361,O
164,Invoice,O
164,Date,O
164,:,O
164,12/20/2026,B-Date
164,Bill,O
164,To,O
164,:,O
164,Customer,O
164,Account,O
164,#,O
164,2103,O
164,Subtotal,O
164,:,O
164,"$2,642.21",O
164,Tax,O
164,(,O
164,6.0%,O
164,),O
164,:,O
164,$158.53,B-Tax
164,Total,O
164,Due,O
164,:,O
164,"$2,800.74",B-Total
164,Payment,O
164,is,O
164,due,O
164,within,O
164,30,O
164,days.,O
164,Thank,O
164,you,O
164,for,O
164,your,O
164,business.,O
165,Bright,B-Vendor
165,Path,I-Vendor
165,Tutoring,I-Vendor
165,Invoice,O
165,Number,O
165,:,O
165,INV-,O
165,96265,O
165,Invoice,O
165,Date,O
165,:,O
165,2023-02-11,B-Date
165,Bill,O
165,To,O
165,:,O
165,Customer,O
165,Account,O
165,#,O
165,8078,O
165,Subtotal,O
165,:,O
165,"$4,079.51",O
165,Tax,O
165,(,O
165,8.5%,O
165,),O
165,:,O
165,$346.76,B-Tax
165,Total,O
165,Due,O
165,:,O
165,"$4,426.26",B-Total
165,Payment,O
165,is,O
165,due,O
165,within,O
165,30,O
165,days.,O
165,Thank,O
165,you,O
165,for,O
165,your,O
165,business.,O
166,Redwood,B-Vendor
166,Hardware,I-Vendor
166,Invoice,O
166,Number,O
166,:,O
166,INV-,O
166,97991,O
166,Invoice,O
166,Date,O
166,:,O
166,2024-09-02,B-Date
166,Bill,O
166,To,O
166,:,O
166,Customer,O
166,Account,O
166,#,O
166,8553,O
166,Subtotal,O
166,:,O
166,"$4,271.76",O
166,Tax,O
166,(,O
166,7.0%,O
166,),O
166,:,O
166,$299.02,B-Tax
166,Total,O
166,Due,O
166,:,O
166,"$4,570.78",B-Total
166,Payment,O
166,is,O
166,due,O
166,within,O
166,30,O
166,days.,O
166,Thank,O
166,you,O
166,for,O
166,your,O
166,business.,O
167,Golden,B-Vendor
167,Gate,I-Vendor
167,Consulting,I-Vendor
167,Invoice,O
167,Number,O
167,:,O
167,INV-,O
167,42532,O
167,Invoice,O
167,Date,O
167,:,O
167,05/29/2026,B-Date
167,Bill,O
167,To,O
167,:,O
167,Customer,O
167,Account,O
167,#,O
167,1073,O
167,Subtotal,O
167,:,O
167,"$2,575.26",O
167,Tax,O
167,(,O
167,7.0%,O
167,),O
167,:,O
167,$180.27,B-Tax
167,Total,O
167,Due,O
167,:,O
167,"$2,755.52",B-Total
167,Payment,O
167,is,O
167,due,O
167,within,O
167,30,O
167,days.,O
167,Thank,O
167,you,O
167,for,O
167,your,O
167,business.,O
168,Maple,B-Vendor
168,Leaf,I-Vendor
168,Bakery,I-Vendor
168,Invoice,O
168,Number,O
168,:,O
168,INV-,O
168,88195,O
168,Invoice,O
168,Date,O
168,:,O
168,2024-03-23,B-Date
168,Bill,O
168,To,O
168,:,O
168,Customer,O
168,Account,O
168,#,O
168,8911,O
168,Subtotal,O
168,:,O
168,"$2,562.60",O
168,Tax,O
168,(,O
168,8.0%,O
168,),O
168,:,O
168,$205.01,B-Tax
168,Total,O
168,Due,O
168,:,O
168,"$2,767.61",B-Total
168,Payment,O
168,is,O
168,due,O
168,within,O
168,30,O
168,days.,O
168,Thank,O
168,you,O
168,for,O
168,your,O
168,business.,O
169,Bright,B-Vendor
169,Path,I-Vendor
169,Tutoring,I-Vendor
169,Invoice,O
169,Number,O
169,:,O
169,INV-,O
169,20594,O
169,Invoice,O
169,Date,O
169,:,O
169,2026-04-27,B-Date
169,Bill,O
169,To,O
169,:,O
169,Customer,O
169,Account,O
169,#,O
169,1868,O
169,Subtotal,O
169,:,O
169,"$2,569.59",O
169,Tax,O
169,(,O
169,10.0%,O
169,),O
169,:,O
169,$256.96,B-Tax
169,Total,O
169,Due,O
169,:,O
169,"$2,826.55",B-Total
169,Payment,O
169,is,O
169,due,O
169,within,O
169,30,O
169,days.,O
169,Thank,O
169,you,O
169,for,O
169,your,O
169,business.,O
170,Silverline,B-Vendor
170,Logistics,I-Vendor
170,Invoice,O
170,Number,O
170,:,O
170,INV-,O
170,56012,O
170,Invoice,O
170,Date,O
170,:,O
170,09/18/2023,B-Date
170,Bill,O
170,To,O
170,:,O
170,Customer,O
170,Account,O
170,#,O
170,2029,O
170,Subtotal,O
170,:,O
170,$367.02,O
170,Tax,O
170,(,O
170,8.5%,O
170,),O
170,:,O
170,$31.20,B-Tax
170,Total,O
170,Due,O
170,:,O
170,$398.21,B-Total
170,Payment,O
170,is,O
170,due,O
170,within,O
170,30,O
170,days.,O
170,Thank,O
170,you,O
170,for,O
170,your,O
170,business.,O
171,Willow,B-Vendor
171,Creek,I-Vendor
171,Farms,I-Vendor
171,Invoice,O
171,Number,O
171,:,O
171,INV-,O
171,68388,O
171,Invoice,O
171,Date,O
171,:,O
171,2026-12-12,B-Date
171,Bill,O
171,To,O
171,:,O
171,Customer,O
171,Account,O
171,#,O
171,2365,O
171,Subtotal,O
171,:,O
171,$712.34,O
171,Tax,O
171,(,O
171,10.0%,O
171,),O
171,:,O
171,$71.23,B-Tax
171,Total,O
171,Due,O
171,:,O
171,$783.58,B-Total
171,Payment,O
171,is,O
171,due,O
171,within,O
171,30,O
171,days.,O
171,Thank,O
171,you,O
171,for,O
171,your,O
171,business.,O
172,Pioneer,B-Vendor
172,Freight,I-Vendor
172,Services,I-Vendor
172,Invoice,O
172,Number,O
172,:,O
172,INV-,O
172,61844,O
172,Invoice,O
172,Date,O
172,:,O
172,11/19/2024,B-Date
172,Bill,O
172,To,O
172,:,O
172,Customer,O
172,Account,O
172,#,O
172,2061,O
172,Subtotal,O
172,:,O
172,"$3,676.17",O
172,Tax,O
172,(,O
172,9.0%,O
172,),O
172,:,O
172,$330.86,B-Tax
172,Total,O
172,Due,O
172,:,O
172,"$4,007.02",B-Total
172,Payment,O
172,is,O
172,due,O
172,within,O
172,30,O
172,days.,O
172,Thank,O
172,you,O
172,for,O
172,your,O
172,business.,O
173,Golden,B-Vendor
173,Gate,I-Vendor
173,Consulting,I-Vendor
173,Invoice,O
173,Number,O
173,:,O
173,INV-,O
173,37905,O
173,Invoice,O
173,Date,O
173,:,O
173,01/14/2024,B-Date
173,Bill,O
173,To,O
173,:,O
173,Customer,O
173,Account,O
173,#,O
173,5239,O
173,Subtotal,O
173,:,O
173,"$1,052.26",O
173,Tax,O
173,(,O
173,8.5%,O
173,),O
173,:,O
173,$89.44,B-Tax
173,Total,O
173,Due,O
173,:,O
173,"$1,141.71",B-Total
173,Payment,O
173,is,O
173,due,O
173,within,O
173,30,O
173,days.,O
173,Thank,O
173,you,O
173,for,O
173,your,O
173,business.,O
174,Titan,B-Vendor
174,Steel,I-Vendor
174,Works,I-Vendor
174,Invoice,O
174,Number,O
174,:,O
174,INV-,O
174,69423,O
174,Invoice,O
174,Date,O
174,:,O
174,04/02/2026,B-Date
174,Bill,O
174,To,O
174,:,O
174,Customer,O
174,Account,O
174,#,O
174,3974,O
174,Subtotal,O
174,:,O
174,"$2,201.02",O
174,Tax,O
174,(,O
174,6.0%,O
174,),O
174,:,O
174,$132.06,B-Tax
174,Total,O
174,Due,O
174,:,O
174,"$2,333.08",B-Total
174,Payment,O
174,is,O
174,due,O
174,within,O
174,30,O
174,days.,O
174,Thank,O
174,you,O
174,for,O
174,your,O
174,business.,O
175,Blue,B-Vendor
175,Ocean,I-Vendor
175,Traders,I-Vendor
175,Invoice,O
175,Number,O
175,:,O
175,INV-,O
175,89388,O
175,Invoice,O
175,Date,O
175,:,O
175,2025-01-24,B-Date
175,Bill,O
175,To,O
175,:,O
175,Customer,O
175,Account,O
175,#,O
175,5532,O
175,Subtotal,O
175,:,O
175,"$1,969.24",O
175,Tax,O
175,(,O
175,8.0%,O
175,),O
175,:,O
175,$157.54,B-Tax
175,Total,O
175,Due,O
175,:,O
175,"$2,126.78",B-Total
175,Payment,O
175,is,O
175,due,O
175,within,O
175,30,O
175,days.,O
175,Thank,O
175,you,O
175,for,O
175,your,O
175,business.,O
176,Alpine,B-Vendor
176,Water,I-Vendor
176,Co,I-Vendor
176,Invoice,O
176,Number,O
176,:,O
176,INV-,O
176,96406,O
176,Invoice,O
176,Date,O
176,:,O
176,12/06/2024,B-Date
176,Bill,O
176,To,O
176,:,O
176,Customer,O
176,Account,O
176,#,O
176,9704,O
176,Subtotal,O
176,:,O
176,"$4,542.59",O
176,Tax,O
176,(,O
176,6.0%,O
176,),O
176,:,O
176,$272.56,B-Tax
176,Total,O
176,Due,O
176,:,O
176,"$4,815.15",B-Total
176,Payment,O
176,is,O
176,due,O
176,within,O
176,30,O
176,days.,O
176,Thank,O
176,you,O
176,for,O
176,your,O
176,business.,O
177,Titan,B-Vendor
177,Steel,I-Vendor
177,Works,I-Vendor
177,Invoice,O
177,Number,O
177,:,O
177,INV-,O
177,62346,O
177,Invoice,O
177,Date,O
177,:,O
177,2025-11-23,B-Date
177,Bill,O
177,To,O
177,:,O
177,Customer,O
177,Account,O
177,#,O
177,3585,O
177,Subtotal,O
177,:,O
177,"$4,035.22",O
177,Tax,O
177,(,O
177,7.0%,O
177,),O
177,:,O
177,$282.47,B-Tax
177,Total,O
177,Due,O
177,:,O
177,"$4,317.68",B-Total
177,Payment,O
177,is,O
177,due,O
177,within,O
177,30,O
177,days.,O
177,Thank,O
177,you,O
177,for,O
177,your,O
177,business.,O
178,Quantum,B-Vendor
178,Electronics,I-Vendor
178,Invoice,O
178,Number,O
178,:,O
178,INV-,O
178,14889,O
178,Invoice,O
178,Date,O
178,:,O
178,2025-07-19,B-Date
178,Bill,O
178,To,O
178,:,O
178,Customer,O
178,Account,O
178,#,O
178,3432,O
178,Subtotal,O
178,:,O
178,"$4,636.75",O
178,Tax,O
178,(,O
178,8.0%,O
178,),O
178,:,O
178,$370.94,B-Tax
178,Total,O
178,Due,O
178,:,O
178,"$5,007.69",B-Total
178,Payment,O
178,is,O
178,due,O
178,within,O
178,30,O
178,days.,O
178,Thank,O
178,you,O
178,for,O
178,your,O
178,business.,O
179,Ironclad,B-Vendor
179,Security,I-Vendor
179,Systems,I-Vendor
179,Invoice,O
179,Number,O
179,:,O
179,INV-,O
179,58032,O
179,Invoice,O
179,Date,O
179,:,O
179,05/30/2024,B-Date
179,Bill,O
179,To,O
179,:,O
179,Customer,O
179,Account,O
179,#,O
179,3325,O
179,Subtotal,O
179,:,O
179,$440.12,O
179,Tax,O
179,(,O
179,7.0%,O
179,),O
179,:,O
179,$30.81,B-Tax
179,Total,O
179,Due,O
179,:,O
179,$470.93,B-Total
179,Payment,O
179,is,O
179,due,O
179,within,O
179,30,O
179,days.,O
179,Thank,O
179,you,O
179,for,O
179,your,O
179,business.,O
180,Harbor,B-Vendor
180,View,I-Vendor
180,Office,I-Vendor
180,Supplies,I-Vendor
180,Invoice,O
180,Number,O
180,:,O
180,INV-,O
180,98268,O
180,Invoice,O
180,Date,O
180,:,O
180,2025-07-21,B-Date
180,Bill,O
180,To,O
180,:,O
180,Customer,O
180,Account,O
180,#,O
180,2227,O
180,Subtotal,O
180,:,O
180,"$4,815.04",O
180,Tax,O
180,(,O
180,7.5%,O
180,),O
180,:,O
180,$361.13,B-Tax
180,Total,O
180,Due,O
180,:,O
180,"$5,176.17",B-Total
180,Payment,O
180,is,O
180,due,O
180,within,O
180,30,O
180,days.,O
180,Thank,O
180,you,O
180,for,O
180,your,O
180,business.,O
181,Bright,B-Vendor
181,Path,I-Vendor
181,Tutoring,I-Vendor
181,Invoice,O
181,Number,O
181,:,O
181,INV-,O
181,66780,O
181,Invoice,O
181,Date,O
181,:,O
181,03/06/2026,B-Date
181,Bill,O
181,To,O
181,:,O
181,Customer,O
181,Account,O
181,#,O
181,8820,O
181,Subtotal,O
181,:,O
181,"$1,093.34",O
181,Tax,O
181,(,O
181,10.0%,O
181,),O
181,:,O
181,$109.33,B-Tax
181,Total,O
181,Due,O
181,:,O
181,"$1,202.68",B-Total
181,Payment,O
181,is,O
181,due,O
181,within,O
181,30,O
181,days.,O
181,Thank,O
181,you,O
181,for,O
181,your,O
181,business.,O
182,Redwood,B-Vendor
182,Hardware,I-Vendor
182,Invoice,O
182,Number,O
182,:,O
182,INV-,O
182,56751,O
182,Invoice,O
182,Date,O
182,:,O
182,05/17/2026,B-Date
182,Bill,O
182,To,O
182,:,O
182,Customer,O
182,Account,O
182,#,O
182,9579,O
182,Subtotal,O
182,:,O
182,"$1,082.08",O
182,Tax,O
182,(,O
182,5.0%,O
182,),O
182,:,O
182,$54.10,B-Tax
182,Total,O
182,Due,O
182,:,O
182,"$1,136.19",B-Total
182,Payment,O
182,is,O
182,due,O
182,within,O
182,30,O
182,days.,O
182,Thank,O
182,you,O
182,for,O
182,your,O
182,business.,O
183,Redwood,B-Vendor
183,Hardware,I-Vendor
183,Invoice,O
183,Number,O
183,:,O
183,INV-,O
183,75657,O
183,Invoice,O
183,Date,O
183,:,O
183,2024-02-04,B-Date
183,Bill,O
183,To,O
183,:,O
183,Customer,O
183,Account,O
183,#,O
183,2276,O
183,Subtotal,O
183,:,O
183,"$4,619.78",O
183,Tax,O
183,(,O
183,9.0%,O
183,),O
183,:,O
183,$415.78,B-Tax
183,Total,O
183,Due,O
183,:,O
183,"$5,035.56",B-Total
183,Payment,O
183,is,O
183,due,O
183,within,O
183,30,O
183,days.,O
183,Thank,O
183,you,O
183,for,O
183,your,O
183,business.,O
184,Cedarwood,B-Vendor
184,Furniture,I-Vendor
184,Invoice,O
184,Number,O
184,:,O
184,INV-,O
184,62498,O
184,Invoice,O
184,Date,O
184,:,O
184,2023-09-05,B-Date
184,Bill,O
184,To,O
184,:,O
184,Customer,O
184,Account,O
184,#,O
184,3249,O
184,Subtotal,O
184,:,O
184,"$1,024.27",O
184,Tax,O
184,(,O
184,9.0%,O
184,),O
184,:,O
184,$92.18,B-Tax
184,Total,O
184,Due,O
184,:,O
184,"$1,116.45",B-Total
184,Payment,O
184,is,O
184,due,O
184,within,O
184,30,O
184,days.,O
184,Thank,O
184,you,O
184,for,O
184,your,O
184,business.,O
185,Harbor,B-Vendor
185,View,I-Vendor
185,Office,I-Vendor
185,Supplies,I-Vendor
185,Invoice,O
185,Number,O
185,:,O
185,INV-,O
185,79848,O
185,Invoice,O
185,Date,O
185,:,O
185,2025-03-30,B-Date
185,Bill,O
185,To,O
185,:,O
185,Customer,O
185,Account,O
185,#,O
185,4591,O
185,Subtotal,O
185,:,O
185,"$1,518.60",O
185,Tax,O
185,(,O
185,8.5%,O
185,),O
185,:,O
185,$129.08,B-Tax
185,Total,O
185,Due,O
185,:,O
185,"$1,647.68",B-Total
185,Payment,O
185,is,O
185,due,O
185,within,O
185,30,O
185,days.,O
185,Thank,O
185,you,O
185,for,O
185,your,O
185,business.,O
186,Cedarwood,B-Vendor
186,Furniture,I-Vendor
186,Invoice,O
186,Number,O
186,:,O
186,INV-,O
186,37842,O
186,Invoice,O
186,Date,O
186,:,O
186,12/08/2024,B-Date
186,Bill,O
186,To,O
186,:,O
186,Customer,O
186,Account,O
186,#,O
186,6576,O
186,Subtotal,O
186,:,O
186,"$3,621.46",O
186,Tax,O
186,(,O
186,7.5%,O
186,),O
186,:,O
186,$271.61,B-Tax
186,Total,O
186,Due,O
186,:,O
186,"$3,893.07",B-Total
186,Payment,O
186,is,O
186,due,O
186,within,O
186,30,O
186,days.,O
186,Thank,O
186,you,O
186,for,O
186,your,O
186,business.,O
187,Bright,B-Vendor
187,Path,I-Vendor
187,Tutoring,I-Vendor
187,Invoice,O
187,Number,O
187,:,O
187,INV-,O
187,83188,O
187,Invoice,O
187,Date,O
187,:,O
187,2026-07-10,B-Date
187,Bill,O
187,To,O
187,:,O
187,Customer,O
187,Account,O
187,#,O
187,1849,O
187,Subtotal,O
187,:,O
187,"$3,396.53",O
187,Tax,O
187,(,O
187,10.0%,O
187,),O
187,:,O
187,$339.65,B-Tax
187,Total,O
187,Due,O
187,:,O
187,"$3,736.18",B-Total
187,Payment,O
187,is,O
187,due,O
187,within,O
187,30,O
187,days.,O
187,Thank,O
187,you,O
187,for,O
187,your,O
187,business.,O
188,Bright,B-Vendor
188,Path,I-Vendor
188,Tutoring,I-Vendor
188,Invoice,O
188,Number,O
188,:,O
188,INV-,O
188,96299,O
188,Invoice,O
188,Date,O
188,:,O
188,04/01/2023,B-Date
188,Bill,O
188,To,O
188,:,O
188,Customer,O
188,Account,O
188,#,O
188,6130,O
188,Subtotal,O
188,:,O
188,"$1,574.27",O
188,Tax,O
188,(,O
188,7.5%,O
188,),O
188,:,O
188,$118.07,B-Tax
188,Total,O
188,Due,O
188,:,O
188,"$1,692.34",B-Total
188,Payment,O
188,is,O
188,due,O
188,within,O
188,30,O
188,days.,O
188,Thank,O
188,you,O
188,for,O
188,your,O
188,business.,O
189,Acme,B-Vendor
189,Supply,I-Vendor
189,Co,I-Vendor
189,Invoice,O
189,Number,O
189,:,O
189,INV-,O
189,59668,O
189,Invoice,O
189,Date,O
189,:,O
189,2024-03-29,B-Date
189,Bill,O
189,To,O
189,:,O
189,Customer,O
189,Account,O
189,#,O
189,6331,O
189,Subtotal,O
189,:,O
189,"$2,412.61",O
189,Tax,O
189,(,O
189,5.0%,O
189,),O
189,:,O
189,$120.63,B-Tax
189,Total,O
189,Due,O
189,:,O
189,"$2,533.24",B-Total
189,Payment,O
189,is,O
189,due,O
189,within,O
189,30,O
189,days.,O
189,Thank,O
189,you,O
189,for,O
189,your,O
189,business.,O
190,Nordic,B-Vendor
190,Timber,I-Vendor
190,Group,I-Vendor
190,Invoice,O
190,Number,O
190,:,O
190,INV-,O
190,60588,O
190,Invoice,O
190,Date,O
190,:,O
190,2024-10-26,B-Date
190,Bill,O
190,To,O
190,:,O
190,Customer,O
190,Account,O
190,#,O
190,5191,O
190,Subtotal,O
190,:,O
190,"$4,041.91",O
190,Tax,O
190,(,O
190,7.5%,O
190,),O
190,:,O
190,$303.14,B-Tax
190,Total,O
190,Due,O
190,:,O
190,"$4,345.05",B-Total
190,Payment,O
190,is,O
190,due,O
190,within,O
190,30,O
190,days.,O
190,Thank,O
190,you,O
190,for,O
190,your,O
190,business.,O
191,Nordic,B-Vendor
191,Timber,I-Vendor
191,Group,I-Vendor
191,Invoice,O
191,Number,O
191,:,O
191,INV-,O
191,52234,O
191,Invoice,O
191,Date,O
191,:,O
191,08/10/2023,B-Date
191,Bill,O
191,To,O
191,:,O
191,Customer,O
191,Account,O
191,#,O
191,4510,O
191,Subtotal,O
191,:,O
191,"$4,332.93",O
191,Tax,O
191,(,O
191,7.5%,O
191,),O
191,:,O
191,$324.97,B-Tax
191,Total,O
191,Due,O
191,:,O
191,"$4,657.90",B-Total
191,Payment,O
191,is,O
191,due,O
191,within,O
191,30,O
191,days.,O
191,Thank,O
191,you,O
191,for,O
191,your,O
191,business.,O
192,Ironclad,B-Vendor
192,Security,I-Vendor
192,Systems,I-Vendor
192,Invoice,O
192,Number,O
192,:,O
192,INV-,O
192,75812,O
192,Invoice,O
192,Date,O
192,:,O
192,2025-09-17,B-Date
192,Bill,O
192,To,O
192,:,O
192,Customer,O
192,Account,O
192,#,O
192,8454,O
192,Subtotal,O
192,:,O
192,"$3,855.60",O
192,Tax,O
192,(,O
192,8.0%,O
192,),O
192,:,O
192,$308.45,B-Tax
192,Total,O
192,Due,O
192,:,O
192,"$4,164.04",B-Total
192,Payment,O
192,is,O
192,due,O
192,within,O
192,30,O
192,days.,O
192,Thank,O
192,you,O
192,for,O
192,your,O
192,business.,O
193,Redwood,B-Vendor
193,Hardware,I-Vendor
193,Invoice,O
193,Number,O
193,:,O
193,INV-,O
193,89652,O
193,Invoice,O
193,Date,O
193,:,O
193,09/24/2025,B-Date
193,Bill,O
193,To,O
193,:,O
193,Customer,O
193,Account,O
193,#,O
193,8013,O
193,Subtotal,O
193,:,O
193,"$2,133.05",O
193,Tax,O
193,(,O
193,7.5%,O
193,),O
193,:,O
193,$159.98,B-Tax
193,Total,O
193,Due,O
193,:,O
193,"$2,293.03",B-Total
193,Payment,O
193,is,O
193,due,O
193,within,O
193,30,O
193,days.,O
193,Thank,O
193,you,O
193,for,O
193,your,O
193,business.,O
194,Willow,B-Vendor
194,Creek,I-Vendor
194,Farms,I-Vendor
194,Invoice,O
194,Number,O
194,:,O
194,INV-,O
194,88586,O
194,Invoice,O
194,Date,O
194,:,O
194,07/23/2023,B-Date
194,Bill,O
194,To,O
194,:,O
194,Customer,O
194,Account,O
194,#,O
194,6842,O
194,Subtotal,O
194,:,O
194,"$2,630.07",O
194,Tax,O
194,(,O
194,7.5%,O
194,),O
194,:,O
194,$197.25,B-Tax
194,Total,O
194,Due,O
194,:,O
194,"$2,827.32",B-Total
194,Payment,O
194,is,O
194,due,O
194,within,O
194,30,O
194,days.,O
194,Thank,O
194,you,O
194,for,O
194,your,O
194,business.,O
195,Titan,B-Vendor
195,Steel,I-Vendor
195,Works,I-Vendor
195,Invoice,O
195,Number,O
195,:,O
195,INV-,O
195,81505,O
195,Invoice,O
195,Date,O
195,:,O
195,2026-04-29,B-Date
195,Bill,O
195,To,O
195,:,O
195,Customer,O
195,Account,O
195,#,O
195,7256,O
195,Subtotal,O
195,:,O
195,"$1,649.72",O
195,Tax,O
195,(,O
195,10.0%,O
195,),O
195,:,O
195,$164.97,B-Tax
195,Total,O
195,Due,O
195,:,O
195,"$1,814.69",B-Total
195,Payment,O
195,is,O
195,due,O
195,within,O
195,30,O
195,days.,O
195,Thank,O
195,you,O
195,for,O
195,your,O
195,business.,O
196,Bright,B-Vendor
196,Path,I-Vendor
196,Tutoring,I-Vendor
196,Invoice,O
196,Number,O
196,:,O
196,INV-,O
196,99507,O
196,Invoice,O
196,Date,O
196,:,O
196,11/29/2024,B-Date
196,Bill,O
196,To,O
196,:,O
196,Customer,O
196,Account,O
196,#,O
196,4747,O
196,Subtotal,O
196,:,O
196,$247.17,O
196,Tax,O
196,(,O
196,5.0%,O
196,),O
196,:,O
196,$12.36,B-Tax
196,Total,O
196,Due,O
196,:,O
196,$259.53,B-Total
196,Payment,O
196,is,O
196,due,O
196,within,O
196,30,O
196,days.,O
196,Thank,O
196,you,O
196,for,O
196,your,O
196,business.,O
197,Delta,B-Vendor
197,Analytics,I-Vendor
197,Group,I-Vendor
197,Invoice,O
197,Number,O
197,:,O
197,INV-,O
197,79142,O
197,Invoice,O
197,Date,O
197,:,O
197,2026-06-10,B-Date
197,Bill,O
197,To,O
197,:,O
197,Customer,O
197,Account,O
197,#,O
197,2668,O
197,Subtotal,O
197,:,O
197,"$2,789.58",O
197,Tax,O
197,(,O
197,5.0%,O
197,),O
197,:,O
197,$139.48,B-Tax
197,Total,O
197,Due,O
197,:,O
197,"$2,929.06",B-Total
197,Payment,O
197,is,O
197,due,O
197,within,O
197,30,O
197,days.,O
197,Thank,O
197,you,O
197,for,O
197,your,O
197,business.,O
198,Willow,B-Vendor
198,Creek,I-Vendor
198,Farms,I-Vendor
198,Invoice,O
198,Number,O
198,:,O
198,INV-,O
198,94287,O
198,Invoice,O
198,Date,O
198,:,O
198,2024-11-19,B-Date
198,Bill,O
198,To,O
198,:,O
198,Customer,O
198,Account,O
198,#,O
198,9303,O
198,Subtotal,O
198,:,O
198,"$4,129.57",O
198,Tax,O
198,(,O
198,8.5%,O
198,),O
198,:,O
198,$351.01,B-Tax
198,Total,O
198,Due,O
198,:,O
198,"$4,480.59",B-Total
198,Payment,O
198,is,O
198,due,O
198,within,O
198,30,O
198,days.,O
198,Thank,O
198,you,O
198,for,O
198,your,O
198,business.,O
199,Pioneer,B-Vendor
199,Freight,I-Vendor
199,Services,I-Vendor
199,Invoice,O
199,Number,O
199,:,O
199,INV-,O
199,46041,O
199,Invoice,O
199,Date,O
199,:,O
199,01/26/2024,B-Date
199,Bill,O
199,To,O
199,:,O
199,Customer,O
199,Account,O
199,#,O
199,2069,O
199,Subtotal,O
199,:,O
199,"$4,807.45",O
199,Tax,O
199,(,O
199,7.0%,O
199,),O
199,:,O
199,$336.52,B-Tax
199,Total,O
199,Due,O
199,:,O
199,"$5,143.97",B-Total
199,Payment,O
199,is,O
199,due,O
199,within,O
199,30,O
199,days.,O
199,Thank,O
199,you,O
199,for,O
199,your,O
199,business.,O
200,Harbor,B-Vendor
200,View,I-Vendor
200,Office,I-Vendor
200,Supplies,I-Vendor
200,Invoice,O
200,Number,O
200,:,O
200,INV-,O
200,36035,O
200,Invoice,O
200,Date,O
200,:,O
200,04/09/2026,B-Date
200,Bill,O
200,To,O
200,:,O
200,Customer,O
200,Account,O
200,#,O
200,3710,O
200,Subtotal,O
200,:,O
200,"$3,912.99",O
200,Tax,O
200,(,O
200,9.0%,O
200,),O
200,:,O
200,$352.17,B-Tax
200,Total,O
200,Due,O
200,:,O
200,"$4,265.16",B-Total
200,Payment,O
200,is,O
200,due,O
200,within,O
200,30,O
200,days.,O
200,Thank,O
200,you,O
200,for,O
200,your,O
200,business.,O
201,Bright,B-Vendor
201,Path,I-Vendor
201,Tutoring,I-Vendor
201,Invoice,O
201,Number,O
201,:,O
201,INV-,O
201,28688,O
201,Invoice,O
201,Date,O
201,:,O
201,2024-02-11,B-Date
201,Bill,O
201,To,O
201,:,O
201,Customer,O
201,Account,O
201,#,O
201,2327,O
201,Subtotal,O
201,:,O
201,"$2,300.97",O
201,Tax,O
201,(,O
201,9.0%,O
201,),O
201,:,O
201,$207.09,B-Tax
201,Total,O
201,Due,O
201,:,O
201,"$2,508.06",B-Total
201,Payment,O
201,is,O
201,due,O
201,within,O
201,30,O
201,days.,O
201,Thank,O
201,you,O
201,for,O
201,your,O
201,business.,O
202,Quantum,B-Vendor
202,Electronics,I-Vendor
202,Invoice,O
202,Number,O
202,:,O
202,INV-,O
202,87114,O
202,Invoice,O
202,Date,O
202,:,O
202,2025-09-17,B-Date
202,Bill,O
202,To,O
202,:,O
202,Customer,O
202,Account,O
202,#,O
202,6376,O
202,Subtotal,O
202,:,O
202,"$3,744.20",O
202,Tax,O
202,(,O
202,5.0%,O
202,),O
202,:,O
202,$187.21,B-Tax
202,Total,O
202,Due,O
202,:,O
202,"$3,931.41",B-Total
202,Payment,O
202,is,O
202,due,O
202,within,O
202,30,O
202,days.,O
202,Thank,O
202,you,O
202,for,O
202,your,O
202,business.,O
203,Blue,B-Vendor
203,Ocean,I-Vendor
203,Traders,I-Vendor
203,Invoice,O
203,Number,O
203,:,O
203,INV-,O
203,79712,O
203,Invoice,O
203,Date,O
203,:,O
203,12/02/2023,B-Date
203,Bill,O
203,To,O
203,:,O
203,Customer,O
203,Account,O
203,#,O
203,1875,O
203,Subtotal,O
203,:,O
203,"$3,870.88",O
203,Tax,O
203,(,O
203,7.5%,O
203,),O
203,:,O
203,$290.32,B-Tax
203,Total,O
203,Due,O
203,:,O
203,"$4,161.19",B-Total
203,Payment,O
203,is,O
203,due,O
203,within,O
203,30,O
203,days.,O
203,Thank,O
203,you,O
203,for,O
203,your,O
203,business.,O
204,Redwood,B-Vendor
204,Hardware,I-Vendor
204,Invoice,O
204,Number,O
204,:,O
204,INV-,O
204,88230,O
204,Invoice,O
204,Date,O
204,:,O
204,07/28/2026,B-Date
204,Bill,O
204,To,O
204,:,O
204,Customer,O
204,Account,O
204,#,O
204,5080,O
204,Subtotal,O
204,:,O
204,"$3,956.88",O
204,Tax,O
204,(,O
204,5.0%,O
204,),O
204,:,O
204,$197.84,B-Tax
204,Total,O
204,Due,O
204,:,O
204,"$4,154.72",B-Total
204,Payment,O
204,is,O
204,due,O
204,within,O
204,30,O
204,days.,O
204,Thank,O
204,you,O
204,for,O
204,your,O
204,business.,O
205,Blue,B-Vendor
205,Ocean,I-Vendor
205,Traders,I-Vendor
205,Invoice,O
205,Number,O
205,:,O
205,INV-,O
205,68530,O
205,Invoice,O
205,Date,O
205,:,O
205,03/10/2026,B-Date
205,Bill,O
205,To,O
205,:,O
205,Customer,O
205,Account,O
205,#,O
205,6321,O
205,Subtotal,O
205,:,O
205,"$1,691.44",O
205,Tax,O
205,(,O
205,7.0%,O
205,),O
205,:,O
205,$118.40,B-Tax
205,Total,O
205,Due,O
205,:,O
205,"$1,809.84",B-Total
205,Payment,O
205,is,O
205,due,O
205,within,O
205,30,O
205,days.,O
205,Thank,O
205,you,O
205,for,O
205,your,O
205,business.,O
206,Harbor,B-Vendor
206,View,I-Vendor
206,Office,I-Vendor
206,Supplies,I-Vendor
206,Invoice,O
206,Number,O
206,:,O
206,INV-,O
206,42579,O
206,Invoice,O
206,Date,O
206,:,O
206,11/01/2025,B-Date
206,Bill,O
206,To,O
206,:,O
206,Customer,O
206,Account,O
206,#,O
206,8870,O
206,Subtotal,O
206,:,O
206,"$1,047.85",O
206,Tax,O
206,(,O
206,7.5%,O
206,),O
206,:,O
206,$78.59,B-Tax
206,Total,O
206,Due,O
206,:,O
206,"$1,126.44",B-Total
206,Payment,O
206,is,O
206,due,O
206,within,O
206,30,O
206,days.,O
206,Thank,O
206,you,O
206,for,O
206,your,O
206,business.,O
207,Ironclad,B-Vendor
207,Security,I-Vendor
207,Systems,I-Vendor
207,Invoice,O
207,Number,O
207,:,O
207,INV-,O
207,79390,O
207,Invoice,O
207,Date,O
207,:,O
207,07/29/2024,B-Date
207,Bill,O
207,To,O
207,:,O
207,Customer,O
207,Account,O
207,#,O
207,3608,O
207,Subtotal,O
207,:,O
207,"$3,309.79",O
207,Tax,O
207,(,O
207,9.0%,O
207,),O
207,:,O
207,$297.88,B-Tax
207,Total,O
207,Due,O
207,:,O
207,"$3,607.67",B-Total
207,Payment,O
207,is,O
207,due,O
207,within,O
207,30,O
207,days.,O
207,Thank,O
207,you,O
207,for,O
207,your,O
207,business.,O
208,Maple,B-Vendor
208,Leaf,I-Vendor
208,Bakery,I-Vendor
208,Invoice,O
208,Number,O
208,:,O
208,INV-,O
208,14795,O
208,Invoice,O
208,Date,O
208,:,O
208,2023-05-28,B-Date
208,Bill,O
208,To,O
208,:,O
208,Customer,O
208,Account,O
208,#,O
208,2704,O
208,Subtotal,O
208,:,O
208,"$3,030.89",O
208,Tax,O
208,(,O
208,8.0%,O
208,),O
208,:,O
208,$242.47,B-Tax
208,Total,O
208,Due,O
208,:,O
208,"$3,273.36",B-Total
208,Payment,O
208,is,O
208,due,O
208,within,O
208,30,O
208,days.,O
208,Thank,O
208,you,O
208,for,O
208,your,O
208,business.,O
209,Harbor,B-Vendor
209,View,I-Vendor
209,Office,I-Vendor
209,Supplies,I-Vendor
209,Invoice,O
209,Number,O
209,:,O
209,INV-,O
209,56646,O
209,Invoice,O
209,Date,O
209,:,O
209,2025-07-13,B-Date
209,Bill,O
209,To,O
209,:,O
209,Customer,O
209,Account,O
209,#,O
209,4042,O
209,Subtotal,O
209,:,O
209,"$4,761.53",O
209,Tax,O
209,(,O
209,8.0%,O
209,),O
209,:,O
209,$380.92,B-Tax
209,Total,O
209,Due,O
209,:,O
209,"$5,142.45",B-Total
209,Payment,O
209,is,O
209,due,O
209,within,O
209,30,O
209,days.,O
209,Thank,O
209,you,O
209,for,O
209,your,O
209,business.,O
210,Harbor,B-Vendor
210,View,I-Vendor
210,Office,I-Vendor
210,Supplies,I-Vendor
210,Invoice,O
210,Number,O
210,:,O
210,INV-,O
210,52379,O
210,Invoice,O
210,Date,O
210,:,O
210,11/27/2024,B-Date
210,Bill,O
210,To,O
210,:,O
210,Customer,O
210,Account,O
210,#,O
210,7193,O
210,Subtotal,O
210,:,O
210,"$3,560.11",O
210,Tax,O
210,(,O
210,9.0%,O
210,),O
210,:,O
210,$320.41,B-Tax
210,Total,O
210,Due,O
210,:,O
210,"$3,880.51",B-Total
210,Payment,O
210,is,O
210,due,O
210,within,O
210,30,O
210,days.,O
210,Thank,O
210,you,O
210,for,O
210,your,O
210,business.,O
211,Ironclad,B-Vendor
211,Security,I-Vendor
211,Systems,I-Vendor
211,Invoice,O
211,Number,O
211,:,O
211,INV-,O
211,35354,O
211,Invoice,O
211,Date,O
211,:,O
211,2023-12-17,B-Date
211,Bill,O
211,To,O
211,:,O
211,Customer,O
211,Account,O
211,#,O
211,8472,O
211,Subtotal,O
211,:,O
211,$724.22,O
211,Tax,O
211,(,O
211,7.0%,O
211,),O
211,:,O
211,$50.70,B-Tax
211,Total,O
211,Due,O
211,:,O
211,$774.92,B-Total
211,Payment,O
211,is,O
211,due,O
211,within,O
211,30,O
211,days.,O
211,Thank,O
211,you,O
211,for,O
211,your,O
211,business.,O
212,Alpine,B-Vendor
212,Water,I-Vendor
212,Co,I-Vendor
212,Invoice,O
212,Number,O
212,:,O
212,INV-,O
212,17832,O
212,Invoice,O
212,Date,O
212,:,O
212,02/18/2024,B-Date
212,Bill,O
212,To,O
212,:,O
212,Customer,O
212,Account,O
212,#,O
212,3562,O
212,Subtotal,O
212,:,O
212,"$2,593.90",O
212,Tax,O
212,(,O
212,9.0%,O
212,),O
212,:,O
212,$233.45,B-Tax
212,Total,O
212,Due,O
212,:,O
212,"$2,827.35",B-Total
212,Payment,O
212,is,O
212,due,O
212,within,O
212,30,O
212,days.,O
212,Thank,O
212,you,O
212,for,O
212,your,O
212,business.,O
213,Quantum,B-Vendor
213,Electronics,I-Vendor
213,Invoice,O
213,Number,O
213,:,O
213,INV-,O
213,23912,O
213,Invoice,O
213,Date,O
213,:,O
213,2024-12-25,B-Date
213,Bill,O
213,To,O
213,:,O
213,Customer,O
213,Account,O
213,#,O
213,2150,O
213,Subtotal,O
213,:,O
213,"$1,584.55",O
213,Tax,O
213,(,O
213,10.0%,O
213,),O
213,:,O
213,$158.45,B-Tax
213,Total,O
213,Due,O
213,:,O
213,"$1,743.00",B-Total
213,Payment,O
213,is,O
213,due,O
213,within,O
213,30,O
213,days.,O
213,Thank,O
213,you,O
213,for,O
213,your,O
213,business.,O
214,Redwood,B-Vendor
214,Hardware,I-Vendor
214,Invoice,O
214,Number,O
214,:,O
214,INV-,O
214,32213,O
214,Invoice,O
214,Date,O
214,:,O
214,2026-06-04,B-Date
214,Bill,O
214,To,O
214,:,O
214,Customer,O
214,Account,O
214,#,O
214,8771,O
214,Subtotal,O
214,:,O
214,"$2,542.76",O
214,Tax,O
214,(,O
214,9.0%,O
214,),O
214,:,O
214,$228.85,B-Tax
214,Total,O
214,Due,O
214,:,O
214,"$2,771.61",B-Total
214,Payment,O
214,is,O
214,due,O
214,within,O
214,30,O
214,days.,O
214,Thank,O
214,you,O
214,for,O
214,your,O
214,business.,O
215,Harbor,B-Vendor
215,View,I-Vendor
215,Office,I-Vendor
215,Supplies,I-Vendor
215,Invoice,O
215,Number,O
215,:,O
215,INV-,O
215,67888,O
215,Invoice,O
215,Date,O
215,:,O
215,11/17/2025,B-Date
215,Bill,O
215,To,O
215,:,O
215,Customer,O
215,Account,O
215,#,O
215,5295,O
215,Subtotal,O
215,:,O
215,$888.94,O
215,Tax,O
215,(,O
215,9.0%,O
215,),O
215,:,O
215,$80.00,B-Tax
215,Total,O
215,Due,O
215,:,O
215,$968.95,B-Total
215,Payment,O
215,is,O
215,due,O
215,within,O
215,30,O
215,days.,O
215,Thank,O
215,you,O
215,for,O
215,your,O
215,business.,O
216,Quantum,B-Vendor
216,Electronics,I-Vendor
216,Invoice,O
216,Number,O
216,:,O
216,INV-,O
216,92291,O
216,Invoice,O
216,Date,O
216,:,O
216,12/03/2024,B-Date
216,Bill,O
216,To,O
216,:,O
216,Customer,O
216,Account,O
216,#,O
216,2521,O
216,Subtotal,O
216,:,O
216,"$2,602.76",O
216,Tax,O
216,(,O
216,7.0%,O
216,),O
216,:,O
216,$182.19,B-Tax
216,Total,O
216,Due,O
216,:,O
216,"$2,784.95",B-Total
216,Payment,O
216,is,O
216,due,O
216,within,O
216,30,O
216,days.,O
216,Thank,O
216,you,O
216,for,O
216,your,O
216,business.,O
217,Cobalt,B-Vendor
217,Software,I-Vendor
217,Solutions,I-Vendor
217,Invoice,O
217,Number,O
217,:,O
217,INV-,O
217,10349,O
217,Invoice,O
217,Date,O
217,:,O
217,2026-07-16,B-Date
217,Bill,O
217,To,O
217,:,O
217,Customer,O
217,Account,O
217,#,O
217,1763,O
217,Subtotal,O
217,:,O
217,"$4,642.69",O
217,Tax,O
217,(,O
217,7.0%,O
217,),O
217,:,O
217,$324.99,B-Tax
217,Total,O
217,Due,O
217,:,O
217,"$4,967.68",B-Total
217,Payment,O
217,is,O
217,due,O
217,within,O
217,30,O
217,days.,O
217,Thank,O
217,you,O
217,for,O
217,your,O
217,business.,O
218,Blue,B-Vendor
218,Ocean,I-Vendor
218,Traders,I-Vendor
218,Invoice,O
218,Number,O
218,:,O
218,INV-,O
218,91014,O
218,Invoice,O
218,Date,O
218,:,O
218,2023-02-20,B-Date
218,Bill,O
218,To,O
218,:,O
218,Customer,O
218,Account,O
218,#,O
218,5460,O
218,Subtotal,O
218,:,O
218,"$1,536.40",O
218,Tax,O
218,(,O
218,9.0%,O
218,),O
218,:,O
218,$138.28,B-Tax
218,Total,O
218,Due,O
218,:,O
218,"$1,674.67",B-Total
218,Payment,O
218,is,O
218,due,O
218,within,O
218,30,O
218,days.,O
218,Thank,O
218,you,O
218,for,O
218,your,O
218,business.,O
219,Bright,B-Vendor
219,Path,I-Vendor
219,Tutoring,I-Vendor
219,Invoice,O
219,Number,O
219,:,O
219,INV-,O
219,90048,O
219,Invoice,O
219,Date,O
219,:,O
219,04/20/2023,B-Date
219,Bill,O
219,To,O
219,:,O
219,Customer,O
219,Account,O
219,#,O
219,9662,O
219,Subtotal,O
219,:,O
219,"$1,999.27",O
219,Tax,O
219,(,O
219,5.0%,O
219,),O
219,:,O
219,$99.96,B-Tax
219,Total,O
219,Due,O
219,:,O
219,"$2,099.23",B-Total
219,Payment,O
219,is,O
219,due,O
219,within,O
219,30,O
219,days.,O
219,Thank,O
219,you,O
219,for,O
219,your,O
219,business.,O
220,Downtown,B-Merchant
220,Pharmacy,I-Merchant
220,Purchase,O
220,Date,O
220,:,O
220,2026-05-22,B-Date
220,Item,O
220,Sundry,O
220,goods,O
220,x,O
220,5,O
220,Amount,O
220,Paid,O
220,:,O
220,$275.53,B-Total
220,Payment,O
220,Method,O
220,:,O
220,Amex,B-PaymentMethod
220,Thank,O
220,you,O
220,for,O
220,shopping,O
220,with,O
220,us.,O
221,Sunset,B-Merchant
221,Cinema,I-Merchant
221,Purchase,O
221,Date,O
221,:,O
221,12/27/2025,B-Date
221,Item,O
221,Sundry,O
221,goods,O
221,x,O
221,1,O
221,Amount,O
221,Paid,O
221,:,O
221,$110.71,B-Total
221,Payment,O
221,Method,O
221,:,O
221,Debit,B-PaymentMethod
221,Thank,O
221,you,O
221,for,O
221,shopping,O
221,with,O
221,us.,O
222,Downtown,B-Merchant
222,Pharmacy,I-Merchant
222,Purchase,O
222,Date,O
222,:,O
222,2025-09-12,B-Date
222,Item,O
222,Sundry,O
222,goods,O
222,x,O
222,3,O
222,Amount,O
222,Paid,O
222,:,O
222,$298.74,B-Total
222,Payment,O
222,Method,O
222,:,O
222,Visa,B-PaymentMethod
222,Thank,O
222,you,O
222,for,O
222,shopping,O
222,with,O
222,us.,O
223,Corner,B-Merchant
223,Market,I-Merchant
223,Purchase,O
223,Date,O
223,:,O
223,10/09/2025,B-Date
223,Item,O
223,Sundry,O
223,goods,O
223,x,O
223,5,O
223,Amount,O
223,Paid,O
223,:,O
223,$299.83,B-Total
223,Payment,O
223,Method,O
223,:,O
223,PayPal,B-PaymentMethod
223,Thank,O
223,you,O
223,for,O
223,shopping,O
223,with,O
223,us.,O
224,Union,B-Merchant
224,Hardware,I-Merchant
224,Purchase,O
224,Date,O
224,:,O
224,2024-10-04,B-Date
224,Item,O
224,Sundry,O
224,goods,O
224,x,O
224,1,O
224,Amount,O
224,Paid,O
224,:,O
224,$275.11,B-Total
224,Payment,O
224,Method,O
224,:,O
224,Visa,B-PaymentMethod
224,Thank,O
224,you,O
224,for,O
224,shopping,O
224,with,O
224,us.,O
225,Union,B-Merchant
225,Hardware,I-Merchant
225,Purchase,O
225,Date,O
225,:,O
225,01/19/2023,B-Date
225,Item,O
225,Sundry,O
225,goods,O
225,x,O
225,4,O
225,Amount,O
225,Paid,O
225,:,O
225,$203.20,B-Total
225,Payment,O
225,Method,O
225,:,O
225,PayPal,B-PaymentMethod
225,Thank,O
225,you,O
225,for,O
225,shopping,O
225,with,O
225,us.,O
226,Corner,B-Merchant
226,Market,I-Merchant
226,Purchase,O
226,Date,O
226,:,O
226,2023-07-16,B-Date
226,Item,O
226,Sundry,O
226,goods,O
226,x,O
226,3,O
226,Amount,O
226,Paid,O
226,:,O
226,$19.83,B-Total
226,Payment,O
226,Method,O
226,:,O
226,Visa,B-PaymentMethod
226,Thank,O
226,you,O
226,for,O
226,shopping,O
226,with,O
226,us.,O
227,Blue,B-Merchant
227,Bottle,I-Merchant
227,Coffee,I-Merchant
227,Purchase,O
227,Date,O
227,:,O
227,10/20/2025,B-Date
227,Item,O
227,Sundry,O
227,goods,O
227,x,O
227,2,O
227,Amount,O
227,Paid,O
227,:,O
227,$18.69,B-Total
227,Payment,O
227,Method,O
227,:,O
227,Amex,B-PaymentMethod
227,Thank,O
227,you,O
227,for,O
227,shopping,O
227,with,O
227,us.,O
228,Riverside,B-Merchant
228,Diner,I-Merchant
228,Purchase,O
228,Date,O
228,:,O
228,2026-12-17,B-Date
228,Item,O
228,Sundry,O
228,goods,O
228,x,O
228,5,O
228,Amount,O
228,Paid,O
228,:,O
228,$19.76,B-Total
228,Payment,O
228,Method,O
228,:,O
228,Debit,B-PaymentMethod
228,Thank,O
228,you,O
228,for,O
228,shopping,O
228,with,O
228,us.,O
229,City,B-Merchant
229,Bike,I-Merchant
229,Rentals,I-Merchant
229,Purchase,O
229,Date,O
229,:,O
229,2023-05-17,B-Date
229,Item,O
229,Sundry,O
229,goods,O
229,x,O
229,5,O
229,Amount,O
229,Paid,O
229,:,O
229,$217.00,B-Total
229,Payment,O
229,Method,O
229,:,O
229,Visa,B-PaymentMethod
229,Thank,O
229,you,O
229,for,O
229,shopping,O
229,with,O
229,us.,O
230,Sunset,B-Merchant
230,Cinema,I-Merchant
230,Purchase,O
230,Date,O
230,:,O
230,2025-11-03,B-Date
230,Item,O
230,Sundry,O
230,goods,O
230,x,O
230,5,O
230,Amount,O
230,Paid,O
230,:,O
230,$213.68,B-Total
230,Payment,O
230,Method,O
230,:,O
230,PayPal,B-PaymentMethod
230,Thank,O
230,you,O
230,for,O
230,shopping,O
230,with,O
230,us.,O
231,Sunset,B-Merchant
231,Cinema,I-Merchant
231,Purchase,O
231,Date,O
231,:,O
231,02/05/2023,B-Date
231,Item,O
231,Sundry,O
231,goods,O
231,x,O
231,3,O
231,Amount,O
231,Paid,O
231,:,O
231,$140.69,B-Total
231,Payment,O
231,Method,O
231,:,O
231,Mastercard,B-PaymentMethod
231,Thank,O
231,you,O
231,for,O
231,shopping,O
231,with,O
231,us.,O
232,Peak,B-Merchant
232,Outdoor,I-Merchant
232,Gear,I-Merchant
232,Purchase,O
232,Date,O
232,:,O
232,06/21/2025,B-Date
232,Item,O
232,Sundry,O
232,goods,O
232,x,O
232,4,O
232,Amount,O
232,Paid,O
232,:,O
232,$120.75,B-Total
232,Payment,O
232,Method,O
232,:,O
232,Amex,B-PaymentMethod
232,Thank,O
232,you,O
232,for,O
232,shopping,O
232,with,O
232,us.,O
233,Metro,B-Merchant
233,Fuel,I-Merchant
233,Stop,I-Merchant
233,Purchase,O
233,Date,O
233,:,O
233,2024-10-12,B-Date
233,Item,O
233,Sundry,O
233,goods,O
233,x,O
233,2,O
233,Amount,O
233,Paid,O
233,:,O
233,$150.55,B-Total
233,Payment,O
233,Method,O
233,:,O
233,Debit,B-PaymentMethod
233,Thank,O
233,you,O
233,for,O
233,shopping,O
233,with,O
233,us.,O
234,Green,B-Merchant
234,Leaf,I-Merchant
234,Grocery,I-Merchant
234,Purchase,O
234,Date,O
234,:,O
234,2023-06-14,B-Date
234,Item,O
234,Sundry,O
234,goods,O
234,x,O
234,5,O
234,Amount,O
234,Paid,O
234,:,O
234,$91.51,B-Total
234,Payment,O
234,Method,O
234,:,O
234,PayPal,B-PaymentMethod
234,Thank,O
234,you,O
234,for,O
234,shopping,O
234,with,O
234,us.,O
235,Sunset,B-Merchant
235,Cinema,I-Merchant
235,Purchase,O
235,Date,O
235,:,O
235,2026-11-19,B-Date
235,Item,O
235,Sundry,O
235,goods,O
235,x,O
235,2,O
235,Amount,O
235,Paid,O
235,:,O
235,$271.18,B-Total
235,Payment,O
235,Method,O
235,:,O
235,Debit,B-PaymentMethod
235,Thank,O
235,you,O
235,for,O
235,shopping,O
235,with,O
235,us.,O
236,Riverside,B-Merchant
236,Diner,I-Merchant
236,Purchase,O
236,Date,O
236,:,O
236,2025-09-20,B-Date
236,Item,O
236,Sundry,O
236,goods,O
236,x,O
236,1,O
236,Amount,O
236,Paid,O
236,:,O
236,$288.13,B-Total
236,Payment,O
236,Method,O
236,:,O
236,PayPal,B-PaymentMethod
236,Thank,O
236,you,O
236,for,O
236,shopping,O
236,with,O
236,us.,O
237,Corner,B-Merchant
237,Market,I-Merchant
237,Purchase,O
237,Date,O
237,:,O
237,04/24/2026,B-Date
237,Item,O
237,Sundry,O
237,goods,O
237,x,O
237,5,O
237,Amount,O
237,Paid,O
237,:,O
237,$192.36,B-Total
237,Payment,O
237,Method,O
237,:,O
237,Mastercard,B-PaymentMethod
237,Thank,O
237,you,O
237,for,O
237,shopping,O
237,with,O
237,us.,O
238,Nightly,B-Merchant
238,Grill,I-Merchant
238,Purchase,O
238,Date,O
238,:,O
238,04/08/2024,B-Date
238,Item,O
238,Sundry,O
238,goods,O
238,x,O
238,4,O
238,Amount,O
238,Paid,O
238,:,O
238,$155.05,B-Total
238,Payment,O
238,Method,O
238,:,O
238,Visa,B-PaymentMethod
238,Thank,O
238,you,O
238,for,O
238,shopping,O
238,with,O
238,us.,O
239,Metro,B-Merchant
239,Fuel,I-Merchant
239,Stop,I-Merchant
239,Purchase,O
239,Date,O
239,:,O
239,2023-12-25,B-Date
239,Item,O
239,Sundry,O
239,goods,O
239,x,O
239,4,O
239,Amount,O
239,Paid,O
239,:,O
239,$243.64,B-Total
239,Payment,O
239,Method,O
239,:,O
239,Visa,B-PaymentMethod
239,Thank,O
239,you,O
239,for,O
239,shopping,O
239,with,O
239,us.,O
240,Union,B-Merchant
240,Hardware,I-Merchant
240,Purchase,O
240,Date,O
240,:,O
240,08/03/2024,B-Date
240,Item,O
240,Sundry,O
240,goods,O
240,x,O
240,3,O
240,Amount,O
240,Paid,O
240,:,O
240,$200.44,B-Total
240,Payment,O
240,Method,O
240,:,O
240,PayPal,B-PaymentMethod
240,Thank,O
240,you,O
240,for,O
240,shopping,O
240,with,O
240,us.,O
241,Riverside,B-Merchant
241,Diner,I-Merchant
241,Purchase,O
241,Date,O
241,:,O
241,2025-06-07,B-Date
241,Item,O
241,Sundry,O
241,goods,O
241,x,O
241,3,O
241,Amount,O
241,Paid,O
241,:,O
241,$219.13,B-Total
241,Payment,O
241,Method,O
241,:,O
241,Cash,B-PaymentMethod
241,Thank,O
241,you,O
241,for,O
241,shopping,O
241,with,O
241,us.,O
242,Blue,B-Merchant
242,Bottle,I-Merchant
242,Coffee,I-Merchant
242,Purchase,O
242,Date,O
242,:,O
242,2025-03-03,B-Date
242,Item,O
242,Sundry,O
242,goods,O
242,x,O
242,4,O
242,Amount,O
242,Paid,O
242,:,O
242,$165.02,B-Total
242,Payment,O
242,Method,O
242,:,O
242,PayPal,B-PaymentMethod
242,Thank,O
242,you,O
242,for,O
242,shopping,O
242,with,O
242,us.,O
243,Union,B-Merchant
243,Hardware,I-Merchant
243,Purchase,O
243,Date,O
243,:,O
243,01/02/2026,B-Date
243,Item,O
243,Sundry,O
243,goods,O
243,x,O
243,2,O
243,Amount,O
243,Paid,O
243,:,O
243,$232.69,B-Total
243,Payment,O
243,Method,O
243,:,O
243,Mastercard,B-PaymentMethod
243,Thank,O
243,you,O
243,for,O
243,shopping,O
243,with,O
243,us.,O
244,Harbor,B-Merchant
244,Bookshop,I-Merchant
244,Purchase,O
244,Date,O
244,:,O
244,2025-05-10,B-Date
244,Item,O
244,Sundry,O
244,goods,O
244,x,O
244,3,O
244,Amount,O
244,Paid,O
244,:,O
244,$149.04,B-Total
244,Payment,O
244,Method,O
244,:,O
244,Visa,B-PaymentMethod
244,Thank,O
244,you,O
244,for,O
244,shopping,O
244,with,O
244,us.,O
245,Peak,B-Merchant
245,Outdoor,I-Merchant
245,Gear,I-Merchant
245,Purchase,O
245,Date,O
245,:,O
245,04/21/2025,B-Date
245,Item,O
245,Sundry,O
245,goods,O
245,x,O
245,4,O
245,Amount,O
245,Paid,O
245,:,O
245,$118.30,B-Total
245,Payment,O
245,Method,O
245,:,O
245,Cash,B-PaymentMethod
245,Thank,O
245,you,O
245,for,O
245,shopping,O
245,with,O
245,us.,O
246,Green,B-Merchant
246,Leaf,I-Merchant
246,Grocery,I-Merchant
246,Purchase,O
246,Date,O
246,:,O
246,01/15/2024,B-Date
246,Item,O
246,Sundry,O
246,goods,O
246,x,O
246,1,O
246,Amount,O
246,Paid,O
246,:,O
246,$171.03,B-Total
246,Payment,O
246,Method,O
246,:,O
246,Amex,B-PaymentMethod
246,Thank,O
246,you,O
246,for,O
246,shopping,O
246,with,O
246,us.,O
247,Corner,B-Merchant
247,Market,I-Merchant
247,Purchase,O
247,Date,O
247,:,O
247,2024-02-11,B-Date
247,Item,O
247,Sundry,O
247,goods,O
247,x,O
247,4,O
247,Amount,O
247,Paid,O
247,:,O
247,$26.76,B-Total
247,Payment,O
247,Method,O
247,:,O
247,Debit,B-PaymentMethod
247,Thank,O
247,you,O
247,for,O
247,shopping,O
247,with,O
247,us.,O
248,City,B-Merchant
248,Bike,I-Merchant
248,Rentals,I-Merchant
248,Purchase,O
248,Date,O
248,:,O
248,2026-01-04,B-Date
248,Item,O
248,Sundry,O
248,goods,O
248,x,O
248,1,O
248,Amount,O
248,Paid,O
248,:,O
248,$187.98,B-Total
248,Payment,O
248,Method,O
248,:,O
248,Amex,B-PaymentMethod
248,Thank,O
248,you,O
248,for,O
248,shopping,O
248,with,O
248,us.,O
249,Union,B-Merchant
249,Hardware,I-Merchant
249,Purchase,O
249,Date,O
249,:,O
249,2026-03-12,B-Date
249,Item,O
249,Sundry,O
249,goods,O
249,x,O
249,1,O
249,Amount,O
249,Paid,O
249,:,O
249,$150.92,B-Total
249,Payment,O
249,Method,O
249,:,O
249,Cash,B-PaymentMethod
249,Thank,O
249,you,O
249,for,O
249,shopping,O
249,with,O
249,us.,O
250,Union,B-Merchant
250,Hardware,I-Merchant
250,Purchase,O
250,Date,O
250,:,O
250,2024-05-23,B-Date
250,Item,O
250,Sundry,O
250,goods,O
250,x,O
250,2,O
250,Amount,O
250,Paid,O
250,:,O
250,$295.95,B-Total
250,Payment,O
250,Method,O
250,:,O
250,Mastercard,B-PaymentMethod
250,Thank,O
250,you,O
250,for,O
250,shopping,O
250,with,O
250,us.,O
251,City,B-Merchant
251,Bike,I-Merchant
251,Rentals,I-Merchant
251,Purchase,O
251,Date,O
251,:,O
251,2026-04-18,B-Date
251,Item,O
251,Sundry,O
251,goods,O
251,x,O
251,2,O
251,Amount,O
251,Paid,O
251,:,O
251,$132.65,B-Total
251,Payment,O
251,Method,O
251,:,O
251,Visa,B-PaymentMethod
251,Thank,O
251,you,O
251,for,O
251,shopping,O
251,with,O
251,us.,O
252,Metro,B-Merchant
252,Fuel,I-Merchant
252,Stop,I-Merchant
252,Purchase,O
252,Date,O
252,:,O
252,12/05/2026,B-Date
252,Item,O
252,Sundry,O
252,goods,O
252,x,O
252,5,O
252,Amount,O
252,Paid,O
252,:,O
252,$91.26,B-Total
252,Payment,O
252,Method,O
252,:,O
252,Cash,B-PaymentMethod
252,Thank,O
252,you,O
252,for,O
252,shopping,O
252,with,O
252,us.,O
253,Corner,B-Merchant
253,Market,I-Merchant
253,Purchase,O
253,Date,O
253,:,O
253,03/28/2026,B-Date
253,Item,O
253,Sundry,O
253,goods,O
253,x,O
253,4,O
253,Amount,O
253,Paid,O
253,:,O
253,$295.35,B-Total
253,Payment,O
253,Method,O
253,:,O
253,PayPal,B-PaymentMethod
253,Thank,O
253,you,O
253,for,O
253,shopping,O
253,with,O
253,us.,O
254,Trailhead,B-Merchant
254,Sports,I-Merchant
254,Purchase,O
254,Date,O
254,:,O
254,2025-08-12,B-Date
254,Item,O
254,Sundry,O
254,goods,O
254,x,O
254,5,O
254,Amount,O
254,Paid,O
254,:,O
254,$188.95,B-Total
254,Payment,O
254,Method,O
254,:,O
254,Cash,B-PaymentMethod
254,Thank,O
254,you,O
254,for,O
254,shopping,O
254,with,O
254,us.,O
255,Trailhead,B-Merchant
255,Sports,I-Merchant
255,Purchase,O
255,Date,O
255,:,O
255,2024-10-01,B-Date
255,Item,O
255,Sundry,O
255,goods,O
255,x,O
255,3,O
255,Amount,O
255,Paid,O
255,:,O
255,$210.53,B-Total
255,Payment,O
255,Method,O
255,:,O
255,Mastercard,B-PaymentMethod
255,Thank,O
255,you,O
255,for,O
255,shopping,O
255,with,O
255,us.,O
256,Trailhead,B-Merchant
256,Sports,I-Merchant
256,Purchase,O
256,Date,O
256,:,O
256,2026-04-20,B-Date
256,Item,O
256,Sundry,O
256,goods,O
256,x,O
256,3,O
256,Amount,O
256,Paid,O
256,:,O
256,$203.56,B-Total
256,Payment,O
256,Method,O
256,:,O
256,Visa,B-PaymentMethod
256,Thank,O
256,you,O
256,for,O
256,shopping,O
256,with,O
256,us.,O
257,Downtown,B-Merchant
257,Pharmacy,I-Merchant
257,Purchase,O
257,Date,O
257,:,O
257,2023-09-23,B-Date
257,Item,O
257,Sundry,O
257,goods,O
257,x,O
257,1,O
257,Amount,O
257,Paid,O
257,:,O
257,$60.81,B-Total
257,Payment,O
257,Method,O
257,:,O
257,Amex,B-PaymentMethod
257,Thank,O
257,you,O
257,for,O
257,shopping,O
257,with,O
257,us.,O
258,Blue,B-Merchant
258,Bottle,I-Merchant
258,Coffee,I-Merchant
258,Purchase,O
258,Date,O
258,:,O
258,2024-03-25,B-Date
258,Item,O
258,Sundry,O
258,goods,O
258,x,O
258,5,O
258,Amount,O
258,Paid,O
258,:,O
258,$246.09,B-Total
258,Payment,O
258,Method,O
258,:,O
258,Cash,B-PaymentMethod
258,Thank,O
258,you,O
258,for,O
258,shopping,O
258,with,O
258,us.,O
259,Old,B-Merchant
259,Town,I-Merchant
259,Bakery,I-Merchant
259,Purchase,O
259,Date,O
259,:,O
259,07/06/2026,B-Date
259,Item,O
259,Sundry,O
259,goods,O
259,x,O
259,4,O
259,Amount,O
259,Paid,O
259,:,O
259,$247.79,B-Total
259,Payment,O
259,Method,O
259,:,O
259,PayPal,B-PaymentMethod
259,Thank,O
259,you,O
259,for,O
259,shopping,O
259,with,O
259,us.,O
260,Riverside,B-Merchant
260,Diner,I-Merchant
260,Purchase,O
260,Date,O
260,:,O
260,08/26/2025,B-Date
260,Item,O
260,Sundry,O
260,goods,O
260,x,O
260,4,O
260,Amount,O
260,Paid,O
260,:,O
260,$92.86,B-Total
260,Payment,O
260,Method,O
260,:,O
260,Amex,B-PaymentMethod
260,Thank,O
260,you,O
260,for,O
260,shopping,O
260,with,O
260,us.,O
261,Green,B-Merchant
261,Leaf,I-Merchant
261,Grocery,I-Merchant
261,Purchase,O
261,Date,O
261,:,O
261,2025-03-11,B-Date
261,Item,O
261,Sundry,O
261,goods,O
261,x,O
261,3,O
261,Amount,O
261,Paid,O
261,:,O
261,$50.86,B-Total
261,Payment,O
261,Method,O
261,:,O
261,Mastercard,B-PaymentMethod
261,Thank,O
261,you,O
261,for,O
261,shopping,O
261,with,O
261,us.,O
262,City,B-Merchant
262,Bike,I-Merchant
262,Rentals,I-Merchant
262,Purchase,O
262,Date,O
262,:,O
262,2024-06-26,B-Date
262,Item,O
262,Sundry,O
262,goods,O
262,x,O
262,4,O
262,Amount,O
262,Paid,O
262,:,O
262,$206.05,B-Total
262,Payment,O
262,Method,O
262,:,O
262,Mastercard,B-PaymentMethod
262,Thank,O
262,you,O
262,for,O
262,shopping,O
262,with,O
262,us.,O
263,Harbor,B-Merchant
263,Bookshop,I-Merchant
263,Purchase,O
263,Date,O
263,:,O
263,2026-02-15,B-Date
263,Item,O
263,Sundry,O
263,goods,O
263,x,O
263,2,O
263,Amount,O
263,Paid,O
263,:,O
263,$32.29,B-Total
263,Payment,O
263,Method,O
263,:,O
263,Cash,B-PaymentMethod
263,Thank,O
263,you,O
263,for,O
263,shopping,O
263,with,O
263,us.,O
264,Corner,B-Merchant
264,Market,I-Merchant
264,Purchase,O
264,Date,O
264,:,O
264,2026-10-24,B-Date
264,Item,O
264,Sundry,O
264,goods,O
264,x,O
264,3,O
264,Amount,O
264,Paid,O
264,:,O
264,$260.30,B-Total
264,Payment,O
264,Method,O
264,:,O
264,PayPal,B-PaymentMethod
264,Thank,O
264,you,O
264,for,O
264,shopping,O
264,with,O
264,us.,O
265,Nightly,B-Merchant
265,Grill,I-Merchant
265,Purchase,O
265,Date,O
265,:,O
265,2026-07-11,B-Date
265,Item,O
265,Sundry,O
265,goods,O
265,x,O
265,1,O
265,Amount,O
265,Paid,O
265,:,O
265,$154.19,B-Total
265,Payment,O
265,Method,O
265,:,O
265,PayPal,B-PaymentMethod
265,Thank,O
265,you,O
265,for,O
265,shopping,O
265,with,O
265,us.,O
266,Sunset,B-Merchant
266,Cinema,I-Merchant
266,Purchase,O
266,Date,O
266,:,O
266,2024-04-30,B-Date
266,Item,O
266,Sundry,O
266,goods,O
266,x,O
266,2,O
266,Amount,O
266,Paid,O
266,:,O
266,$103.87,B-Total
266,Payment,O
266,Method,O
266,:,O
266,Mastercard,B-PaymentMethod
266,Thank,O
266,you,O
266,for,O
266,shopping,O
266,with,O
266,us.,O
267,Lakeside,B-Merchant
267,Cafe,I-Merchant
267,Purchase,O
267,Date,O
267,:,O
267,2026-01-30,B-Date
267,Item,O
267,Sundry,O
267,goods,O
267,x,O
267,4,O
267,Amount,O
267,Paid,O
267,:,O
267,$256.73,B-Total
267,Payment,O
267,Method,O
267,:,O
267,Amex,B-PaymentMethod
267,Thank,O
267,you,O
267,for,O
267,shopping,O
267,with,O
267,us.,O
268,City,B-Merchant
268,Bike,I-Merchant
268,Rentals,I-Merchant
268,Purchase,O
268,Date,O
268,:,O
268,2024-06-04,B-Date
268,Item,O
268,Sundry,O
268,goods,O
268,x,O
268,2,O
268,Amount,O
268,Paid,O
268,:,O
268,$35.58,B-Total
268,Payment,O
268,Method,O
268,:,O
268,Amex,B-PaymentMethod
268,Thank,O
268,you,O
268,for,O
268,shopping,O
268,with,O
268,us.,O
269,Trailhead,B-Merchant
269,Sports,I-Merchant
269,Purchase,O
269,Date,O
269,:,O
269,07/17/2024,B-Date
269,Item,O
269,Sundry,O
269,goods,O
269,x,O
269,4,O
269,Amount,O
269,Paid,O
269,:,O
269,$297.24,B-Total
269,Payment,O
269,Method,O
269,:,O
269,Cash,B-PaymentMethod
269,Thank,O
269,you,O
269,for,O
269,shopping,O
269,with,O
269,us.,O
270,Sunset,B-Merchant
270,Cinema,I-Merchant
270,Purchase,O
270,Date,O
270,:,O
270,11/05/2023,B-Date
270,Item,O
270,Sundry,O
270,goods,O
270,x,O
270,5,O
270,Amount,O
270,Paid,O
270,:,O
270,$16.56,B-Total
270,Payment,O
270,Method,O
270,:,O
270,Debit,B-PaymentMethod
270,Thank,O
270,you,O
270,for,O
270,shopping,O
270,with,O
270,us.,O
271,Lakeside,B-Merchant
271,Cafe,I-Merchant
271,Purchase,O
271,Date,O
271,:,O
271,2024-11-04,B-Date
271,Item,O
271,Sundry,O
271,goods,O
271,x,O
271,3,O
271,Amount,O
271,Paid,O
271,:,O
271,$197.38,B-Total
271,Payment,O
271,Method,O
271,:,O
271,Visa,B-PaymentMethod
271,Thank,O
271,you,O
271,for,O
271,shopping,O
271,with,O
271,us.,O
272,Metro,B-Merchant
272,Fuel,I-Merchant
272,Stop,I-Merchant
272,Purchase,O
272,Date,O
272,:,O
272,09/08/2023,B-Date
272,Item,O
272,Sundry,O
272,goods,O
272,x,O
272,3,O
272,Amount,O
272,Paid,O
272,:,O
272,$235.26,B-Total
272,Payment,O
272,Method,O
272,:,O
272,PayPal,B-PaymentMethod
272,Thank,O
272,you,O
272,for,O
272,shopping,O
272,with,O
272,us.,O
273,Old,B-Merchant
273,Town,I-Merchant
273,Bakery,I-Merchant
273,Purchase,O
273,Date,O
273,:,O
273,2025-03-21,B-Date
273,Item,O
273,Sundry,O
273,goods,O
273,x,O
273,4,O
273,Amount,O
273,Paid,O
273,:,O
273,$297.06,B-Total
273,Payment,O
273,Method,O
273,:,O
273,Amex,B-PaymentMethod
273,Thank,O
273,you,O
273,for,O
273,shopping,O
273,with,O
273,us.,O
274,Sunset,B-Merchant
274,Cinema,I-Merchant
274,Purchase,O
274,Date,O
274,:,O
274,2023-06-08,B-Date
274,Item,O
274,Sundry,O
274,goods,O
274,x,O
274,1,O
274,Amount,O
274,Paid,O
274,:,O
274,$35.21,B-Total
274,Payment,O
274,Method,O
274,:,O
274,Mastercard,B-PaymentMethod
274,Thank,O
274,you,O
274,for,O
274,shopping,O
274,with,O
274,us.,O
275,Peak,B-Merchant
275,Outdoor,I-Merchant
275,Gear,I-Merchant
275,Purchase,O
275,Date,O
275,:,O
275,07/24/2023,B-Date
275,Item,O
275,Sundry,O
275,goods,O
275,x,O
275,4,O
275,Amount,O
275,Paid,O
275,:,O
275,$256.63,B-Total
275,Payment,O
275,Method,O
275,:,O
275,Cash,B-PaymentMethod
275,Thank,O
275,you,O
275,for,O
275,shopping,O
275,with,O
275,us.,O
276,Union,B-Merchant
276,Hardware,I-Merchant
276,Purchase,O
276,Date,O
276,:,O
276,2024-07-14,B-Date
276,Item,O
276,Sundry,O
276,goods,O
276,x,O
276,3,O
276,Amount,O
276,Paid,O
276,:,O
276,$91.56,B-Total
276,Payment,O
276,Method,O
276,:,O
276,Cash,B-PaymentMethod
276,Thank,O
276,you,O
276,for,O
276,shopping,O
276,with,O
276,us.,O
277,Corner,B-Merchant
277,Market,I-Merchant
277,Purchase,O
277,Date,O
277,:,O
277,2026-12-09,B-Date
277,Item,O
277,Sundry,O
277,goods,O
277,x,O
277,4,O
277,Amount,O
277,Paid,O
277,:,O
277,$146.31,B-Total
277,Payment,O
277,Method,O
277,:,O
277,Amex,B-PaymentMethod
277,Thank,O
277,you,O
277,for,O
277,shopping,O
277,with,O
277,us.,O
278,Metro,B-Merchant
278,Fuel,I-Merchant
278,Stop,I-Merchant
278,Purchase,O
278,Date,O
278,:,O
278,11/04/2025,B-Date
278,Item,O
278,Sundry,O
278,goods,O
278,x,O
278,2,O
278,Amount,O
278,Paid,O
278,:,O
278,$58.32,B-Total
278,Payment,O
278,Method,O
278,:,O
278,Visa,B-PaymentMethod
278,Thank,O
278,you,O
278,for,O
278,shopping,O
278,with,O
278,us.,O
279,City,B-Merchant
279,Bike,I-Merchant
279,Rentals,I-Merchant
279,Purchase,O
279,Date,O
279,:,O
279,12/31/2024,B-Date
279,Item,O
279,Sundry,O
279,goods,O
279,x,O
279,1,O
279,Amount,O
279,Paid,O
279,:,O
279,$206.52,B-Total
279,Payment,O
279,Method,O
279,:,O
279,Debit,B-PaymentMethod
279,Thank,O
279,you,O
279,for,O
279,shopping,O
279,with,O
279,us.,O
280,Riverside,B-Merchant
280,Diner,I-Merchant
280,Purchase,O
280,Date,O
280,:,O
280,02/26/2024,B-Date
280,Item,O
280,Sundry,O
280,goods,O
280,x,O
280,2,O
280,Amount,O
280,Paid,O
280,:,O
280,$180.50,B-Total
280,Payment,O
280,Method,O
280,:,O
280,Mastercard,B-PaymentMethod
280,Thank,O
280,you,O
280,for,O
280,shopping,O
280,with,O
280,us.,O
281,Old,B-Merchant
281,Town,I-Merchant
281,Bakery,I-Merchant
281,Purchase,O
281,Date,O
281,:,O
281,05/27/2024,B-Date
281,Item,O
281,Sundry,O
281,goods,O
281,x,O
281,1,O
281,Amount,O
281,Paid,O
281,:,O
281,$105.55,B-Total
281,Payment,O
281,Method,O
281,:,O
281,Debit,B-PaymentMethod
281,Thank,O
281,you,O
281,for,O
281,shopping,O
281,with,O
281,us.,O
282,Lakeside,B-Merchant
282,Cafe,I-Merchant
282,Purchase,O
282,Date,O
282,:,O
282,2023-08-27,B-Date
282,Item,O
282,Sundry,O
282,goods,O
282,x,O
282,5,O
282,Amount,O
282,Paid,O
282,:,O
282,$189.25,B-Total
282,Payment,O
282,Method,O
282,:,O
282,Amex,B-PaymentMethod
282,Thank,O
282,you,O
282,for,O
282,shopping,O
282,with,O
282,us.,O
283,Trailhead,B-Merchant
283,Sports,I-Merchant
283,Purchase,O
283,Date,O
283,:,O
283,2023-02-23,B-Date
283,Item,O
283,Sundry,O
283,goods,O
283,x,O
283,1,O
283,Amount,O
283,Paid,O
283,:,O
283,$200.06,B-Total
283,Payment,O
283,Method,O
283,:,O
283,Amex,B-PaymentMethod
283,Thank,O
283,you,O
283,for,O
283,shopping,O
283,with,O
283,us.,O
284,Lakeside,B-Merchant
284,Cafe,I-Merchant
284,Purchase,O
284,Date,O
284,:,O
284,04/21/2024,B-Date
284,Item,O
284,Sundry,O
284,goods,O
284,x,O
284,1,O
284,Amount,O
284,Paid,O
284,:,O
284,$138.25,B-Total
284,Payment,O
284,Method,O
284,:,O
284,Cash,B-PaymentMethod
284,Thank,O
284,you,O
284,for,O
284,shopping,O
284,with,O
284,us.,O
285,Old,B-Merchant
285,Town,I-Merchant
285,Bakery,I-Merchant
285,Purchase,O
285,Date,O
285,:,O
285,2026-03-23,B-Date
285,Item,O
285,Sundry,O
285,goods,O
285,x,O
285,1,O
285,Amount,O
285,Paid,O
285,:,O
285,$162.77,B-Total
285,Payment,O
285,Method,O
285,:,O
285,Visa,B-PaymentMethod
285,Thank,O
285,you,O
285,for,O
285,shopping,O
285,with,O
285,us.,O
286,Trailhead,B-Merchant
286,Sports,I-Merchant
286,Purchase,O
286,Date,O
286,:,O
286,2023-09-06,B-Date
286,Item,O
286,Sundry,O
286,goods,O
286,x,O
286,3,O
286,Amount,O
286,Paid,O
286,:,O
286,$64.06,B-Total
286,Payment,O
286,Method,O
286,:,O
286,Mastercard,B-PaymentMethod
286,Thank,O
286,you,O
286,for,O
286,shopping,O
286,with,O
286,us.,O
287,Metro,B-Merchant
287,Fuel,I-Merchant
287,Stop,I-Merchant
287,Purchase,O
287,Date,O
287,:,O
287,2024-08-26,B-Date
287,Item,O
287,Sundry,O
287,goods,O
287,x,O
287,1,O
287,Amount,O
287,Paid,O
287,:,O
287,$11.30,B-Total
287,Payment,O
287,Method,O
287,:,O
287,Visa,B-PaymentMethod
287,Thank,O
287,you,O
287,for,O
287,shopping,O
287,with,O
287,us.,O
288,Peak,B-Merchant
288,Outdoor,I-Merchant
288,Gear,I-Merchant
288,Purchase,O
288,Date,O
288,:,O
288,06/14/2026,B-Date
288,Item,O
288,Sundry,O
288,goods,O
288,x,O
288,3,O
288,Amount,O
288,Paid,O
288,:,O
288,$83.86,B-Total
288,Payment,O
288,Method,O
288,:,O
288,Amex,B-PaymentMethod
288,Thank,O
288,you,O
288,for,O
288,shopping,O
288,with,O
288,us.,O
289,Lakeside,B-Merchant
289,Cafe,I-Merchant
289,Purchase,O
289,Date,O
289,:,O
289,06/25/2023,B-Date
289,Item,O
289,Sundry,O
289,goods,O
289,x,O
289,1,O
289,Amount,O
289,Paid,O
289,:,O
289,$99.95,B-Total
289,Payment,O
289,Method,O
289,:,O
289,Debit,B-PaymentMethod
289,Thank,O
289,you,O
289,for,O
289,shopping,O
289,with,O
289,us.,O
290,Riverside,B-Merchant
290,Diner,I-Merchant
290,Purchase,O
290,Date,O
290,:,O
290,2026-12-21,B-Date
290,Item,O
290,Sundry,O
290,goods,O
290,x,O
290,4,O
290,Amount,O
290,Paid,O
290,:,O
290,$258.16,B-Total
290,Payment,O
290,Method,O
290,:,O
290,Debit,B-PaymentMethod
290,Thank,O
290,you,O
290,for,O
290,shopping,O
290,with,O
290,us.,O
291,Peak,B-Merchant
291,Outdoor,I-Merchant
291,Gear,I-Merchant
291,Purchase,O
291,Date,O
291,:,O
291,2026-10-27,B-Date
291,Item,O
291,Sundry,O
291,goods,O
291,x,O
291,2,O
291,Amount,O
291,Paid,O
291,:,O
291,$141.04,B-Total
291,Payment,O
291,Method,O
291,:,O
291,Debit,B-PaymentMethod
291,Thank,O
291,you,O
291,for,O
291,shopping,O
291,with,O
291,us.,O
292,Peak,B-Merchant
292,Outdoor,I-Merchant
292,Gear,I-Merchant
292,Purchase,O
292,Date,O
292,:,O
292,2024-08-24,B-Date
292,Item,O
292,Sundry,O
292,goods,O
292,x,O
292,1,O
292,Amount,O
292,Paid,O
292,:,O
292,$250.35,B-Total
292,Payment,O
292,Method,O
292,:,O
292,Visa,B-PaymentMethod
292,Thank,O
292,you,O
292,for,O
292,shopping,O
292,with,O
292,us.,O
293,Harbor,B-Merchant
293,Bookshop,I-Merchant
293,Purchase,O
293,Date,O
293,:,O
293,2023-09-14,B-Date
293,Item,O
293,Sundry,O
293,goods,O
293,x,O
293,5,O
293,Amount,O
293,Paid,O
293,:,O
293,$287.11,B-Total
293,Payment,O
293,Method,O
293,:,O
293,Amex,B-PaymentMethod
293,Thank,O
293,you,O
293,for,O
293,shopping,O
293,with,O
293,us.,O
294,Union,B-Merchant
294,Hardware,I-Merchant
294,Purchase,O
294,Date,O
294,:,O
294,01/21/2026,B-Date
294,Item,O
294,Sundry,O
294,goods,O
294,x,O
294,2,O
294,Amount,O
294,Paid,O
294,:,O
294,$84.77,B-Total
294,Payment,O
294,Method,O
294,:,O
294,Cash,B-PaymentMethod
294,Thank,O
294,you,O
294,for,O
294,shopping,O
294,with,O
294,us.,O
295,Blue,B-Merchant
295,Bottle,I-Merchant
295,Coffee,I-Merchant
295,Purchase,O
295,Date,O
295,:,O
295,05/09/2023,B-Date
295,Item,O
295,Sundry,O
295,goods,O
295,x,O
295,2,O
295,Amount,O
295,Paid,O
295,:,O
295,$28.39,B-Total
295,Payment,O
295,Method,O
295,:,O
295,Mastercard,B-PaymentMethod
295,Thank,O
295,you,O
295,for,O
295,shopping,O
295,with,O
295,us.,O
296,Sunset,B-Merchant
296,Cinema,I-Merchant
296,Purchase,O
296,Date,O
296,:,O
296,01/01/2024,B-Date
296,Item,O
296,Sundry,O
296,goods,O
296,x,O
296,5,O
296,Amount,O
296,Paid,O
296,:,O
296,$72.85,B-Total
296,Payment,O
296,Method,O
296,:,O
296,Cash,B-PaymentMethod
296,Thank,O
296,you,O
296,for,O
296,shopping,O
296,with,O
296,us.,O
297,Blue,B-Merchant
297,Bottle,I-Merchant
297,Coffee,I-Merchant
297,Purchase,O
297,Date,O
297,:,O
297,05/18/2026,B-Date
297,Item,O
297,Sundry,O
297,goods,O
297,x,O
297,5,O
297,Amount,O
297,Paid,O
297,:,O
297,$70.67,B-Total
297,Payment,O
297,Method,O
297,:,O
297,Cash,B-PaymentMethod
297,Thank,O
297,you,O
297,for,O
297,shopping,O
297,with,O
297,us.,O
298,Nightly,B-Merchant
298,Grill,I-Merchant
298,Purchase,O
298,Date,O
298,:,O
298,11/05/2026,B-Date
298,Item,O
298,Sundry,O
298,goods,O
298,x,O
298,2,O
298,Amount,O
298,Paid,O
298,:,O
298,$68.67,B-Total
298,Payment,O
298,Method,O
298,:,O
298,Amex,B-PaymentMethod
298,Thank,O
298,you,O
298,for,O
298,shopping,O
298,with,O
298,us.,O
299,Sunset,B-Merchant
299,Cinema,I-Merchant
299,Purchase,O
299,Date,O
299,:,O
299,2024-10-13,B-Date
299,Item,O
299,Sundry,O
299,goods,O
299,x,O
299,2,O
299,Amount,O
299,Paid,O
299,:,O
299,$137.37,B-Total
299,Payment,O
299,Method,O
299,:,O
299,Cash,B-PaymentMethod
299,Thank,O
299,you,O
299,for,O
299,shopping,O
299,with,O
299,us.,O
300,Sunset,B-Merchant
300,Cinema,I-Merchant
300,Purchase,O
300,Date,O
300,:,O
300,2024-09-12,B-Date
300,Item,O
300,Sundry,O
300,goods,O
300,x,O
300,3,O
300,Amount,O
300,Paid,O
300,:,O
300,$187.61,B-Total
300,Payment,O
300,Method,O
300,:,O
300,PayPal,B-PaymentMethod
300,Thank,O
300,you,O
300,for,O
300,shopping,O
300,with,O
300,us.,O
301,Nightly,B-Merchant
301,Grill,I-Merchant
301,Purchase,O
301,Date,O
301,:,O
301,10/16/2023,B-Date
301,Item,O
301,Sundry,O
301,goods,O
301,x,O
301,4,O
301,Amount,O
301,Paid,O
301,:,O
301,$140.22,B-Total
301,Payment,O
301,Method,O
301,:,O
301,Visa,B-PaymentMethod
301,Thank,O
301,you,O
301,for,O
301,shopping,O
301,with,O
301,us.,O
302,Downtown,B-Merchant
302,Pharmacy,I-Merchant
302,Purchase,O
302,Date,O
302,:,O
302,11/25/2026,B-Date
302,Item,O
302,Sundry,O
302,goods,O
302,x,O
302,4,O
302,Amount,O
302,Paid,O
302,:,O
302,$202.36,B-Total
302,Payment,O
302,Method,O
302,:,O
302,PayPal,B-PaymentMethod
302,Thank,O
302,you,O
302,for,O
302,shopping,O
302,with,O
302,us.,O
303,Lakeside,B-Merchant
303,Cafe,I-Merchant
303,Purchase,O
303,Date,O
303,:,O
303,05/08/2023,B-Date
303,Item,O
303,Sundry,O
303,goods,O
303,x,O
303,1,O
303,Amount,O
303,Paid,O
303,:,O
303,$81.06,B-Total
303,Payment,O
303,Method,O
303,:,O
303,Amex,B-PaymentMethod
303,Thank,O
303,you,O
303,for,O
303,shopping,O
303,with,O
303,us.,O
304,Downtown,B-Merchant
304,Pharmacy,I-Merchant
304,Purchase,O
304,Date,O
304,:,O
304,2024-05-21,B-Date
304,Item,O
304,Sundry,O
304,goods,O
304,x,O
304,4,O
304,Amount,O
304,Paid,O
304,:,O
304,$225.69,B-Total
304,Payment,O
304,Method,O
304,:,O
304,Debit,B-PaymentMethod
304,Thank,O
304,you,O
304,for,O
304,shopping,O
304,with,O
304,us.,O
305,Downtown,B-Merchant
305,Pharmacy,I-Merchant
305,Purchase,O
305,Date,O
305,:,O
305,02/24/2023,B-Date
305,Item,O
305,Sundry,O
305,goods,O
305,x,O
305,1,O
305,Amount,O
305,Paid,O
305,:,O
305,$15.61,B-Total
305,Payment,O
305,Method,O
305,:,O
305,PayPal,B-PaymentMethod
305,Thank,O
305,you,O
305,for,O
305,shopping,O
305,with,O
305,us.,O
306,Trailhead,B-Merchant
306,Sports,I-Merchant
306,Purchase,O
306,Date,O
306,:,O
306,2024-05-06,B-Date
306,Item,O
306,Sundry,O
306,goods,O
306,x,O
306,2,O
306,Amount,O
306,Paid,O
306,:,O
306,$163.97,B-Total
306,Payment,O
306,Method,O
306,:,O
306,Debit,B-PaymentMethod
306,Thank,O
306,you,O
306,for,O
306,shopping,O
306,with,O
306,us.,O
307,Green,B-Merchant
307,Leaf,I-Merchant
307,Grocery,I-Merchant
307,Purchase,O
307,Date,O
307,:,O
307,12/22/2025,B-Date
307,Item,O
307,Sundry,O
307,goods,O
307,x,O
307,4,O
307,Amount,O
307,Paid,O
307,:,O
307,$77.67,B-Total
307,Payment,O
307,Method,O
307,:,O
307,Amex,B-PaymentMethod
307,Thank,O
307,you,O
307,for,O
307,shopping,O
307,with,O
307,us.,O
308,Downtown,B-Merchant
308,Pharmacy,I-Merchant
308,Purchase,O
308,Date,O
308,:,O
308,06/03/2025,B-Date
308,Item,O
308,Sundry,O
308,goods,O
308,x,O
308,3,O
308,Amount,O
308,Paid,O
308,:,O
308,$284.11,B-Total
308,Payment,O
308,Method,O
308,:,O
308,Amex,B-PaymentMethod
308,Thank,O
308,you,O
308,for,O
308,shopping,O
308,with,O
308,us.,O
309,City,B-Merchant
309,Bike,I-Merchant
309,Rentals,I-Merchant
309,Purchase,O
309,Date,O
309,:,O
309,2024-08-17,B-Date
309,Item,O
309,Sundry,O
309,goods,O
309,x,O
309,2,O
309,Amount,O
309,Paid,O
309,:,O
309,$157.74,B-Total
309,Payment,O
309,Method,O
309,:,O
309,Mastercard,B-PaymentMethod
309,Thank,O
309,you,O
309,for,O
309,shopping,O
309,with,O
309,us.,O
310,Riverside,B-Merchant
310,Diner,I-Merchant
310,Purchase,O
310,Date,O
310,:,O
310,2024-06-24,B-Date
310,Item,O
310,Sundry,O
310,goods,O
310,x,O
310,1,O
310,Amount,O
310,Paid,O
310,:,O
310,$134.05,B-Total
310,Payment,O
310,Method,O
310,:,O
310,Amex,B-PaymentMethod
310,Thank,O
310,you,O
310,for,O
310,shopping,O
310,with,O
310,us.,O
311,Sunset,B-Merchant
311,Cinema,I-Merchant
311,Purchase,O
311,Date,O
311,:,O
311,2024-09-01,B-Date
311,Item,O
311,Sundry,O
311,goods,O
311,x,O
311,2,O
311,Amount,O
311,Paid,O
311,:,O
311,$293.22,B-Total
311,Payment,O
311,Method,O
311,:,O
311,Amex,B-PaymentMethod
311,Thank,O
311,you,O
311,for,O
311,shopping,O
311,with,O
311,us.,O
312,Green,B-Merchant
312,Leaf,I-Merchant
312,Grocery,I-Merchant
312,Purchase,O
312,Date,O
312,:,O
312,2025-06-02,B-Date
312,Item,O
312,Sundry,O
312,goods,O
312,x,O
312,5,O
312,Amount,O
312,Paid,O
312,:,O
312,$270.76,B-Total
312,Payment,O
312,Method,O
312,:,O
312,Visa,B-PaymentMethod
312,Thank,O
312,you,O
312,for,O
312,shopping,O
312,with,O
312,us.,O
313,Old,B-Merchant
313,Town,I-Merchant
313,Bakery,I-Merchant
313,Purchase,O
313,Date,O
313,:,O
313,2023-09-12,B-Date
313,Item,O
313,Sundry,O
313,goods,O
313,x,O
313,4,O
313,Amount,O
313,Paid,O
313,:,O
313,$54.33,B-Total
313,Payment,O
313,Method,O
313,:,O
313,Debit,B-PaymentMethod
313,Thank,O
313,you,O
313,for,O
313,shopping,O
313,with,O
313,us.,O
314,Union,B-Merchant
314,Hardware,I-Merchant
314,Purchase,O
314,Date,O
314,:,O
314,09/21/2026,B-Date
314,Item,O
314,Sundry,O
314,goods,O
314,x,O
314,2,O
314,Amount,O
314,Paid,O
314,:,O
314,$10.16,B-Total
314,Payment,O
314,Method,O
314,:,O
314,PayPal,B-PaymentMethod
314,Thank,O
314,you,O
314,for,O
314,shopping,O
314,with,O
314,us.,O
315,Blue,B-Merchant
315,Bottle,I-Merchant
315,Coffee,I-Merchant
315,Purchase,O
315,Date,O
315,:,O
315,04/12/2025,B-Date
315,Item,O
315,Sundry,O
315,goods,O
315,x,O
315,5,O
315,Amount,O
315,Paid,O
315,:,O
315,$137.53,B-Total
315,Payment,O
315,Method,O
315,:,O
315,Amex,B-PaymentMethod
315,Thank,O
315,you,O
315,for,O
315,shopping,O
315,with,O
315,us.,O
316,Corner,B-Merchant
316,Market,I-Merchant
316,Purchase,O
316,Date,O
316,:,O
316,2023-10-09,B-Date
316,Item,O
316,Sundry,O
316,goods,O
316,x,O
316,2,O
316,Amount,O
316,Paid,O
316,:,O
316,$297.87,B-Total
316,Payment,O
316,Method,O
316,:,O
316,Debit,B-PaymentMethod
316,Thank,O
316,you,O
316,for,O
316,shopping,O
316,with,O
316,us.,O
317,Metro,B-Merchant
317,Fuel,I-Merchant
317,Stop,I-Merchant
317,Purchase,O
317,Date,O
317,:,O
317,2023-01-21,B-Date
317,Item,O
317,Sundry,O
317,goods,O
317,x,O
317,5,O
317,Amount,O
317,Paid,O
317,:,O
317,$50.26,B-Total
317,Payment,O
317,Method,O
317,:,O
317,Amex,B-PaymentMethod
317,Thank,O
317,you,O
317,for,O
317,shopping,O
317,with,O
317,us.,O
318,Trailhead,B-Merchant
318,Sports,I-Merchant
318,Purchase,O
318,Date,O
318,:,O
318,10/06/2023,B-Date
318,Item,O
318,Sundry,O
318,goods,O
318,x,O
318,2,O
318,Amount,O
318,Paid,O
318,:,O
318,$265.11,B-Total
318,Payment,O
318,Method,O
318,:,O
318,Amex,B-PaymentMethod
318,Thank,O
318,you,O
318,for,O
318,shopping,O
318,with,O
318,us.,O
319,Corner,B-Merchant
319,Market,I-Merchant
319,Purchase,O
319,Date,O
319,:,O
319,08/08/2025,B-Date
319,Item,O
319,Sundry,O
319,goods,O
319,x,O
319,3,O
319,Amount,O
319,Paid,O
319,:,O
319,$32.38,B-Total
319,Payment,O
319,Method,O
319,:,O
319,Mastercard,B-PaymentMethod
319,Thank,O
319,you,O
319,for,O
319,shopping,O
319,with,O
319,us.,O
320,Green,B-Merchant
320,Leaf,I-Merchant
320,Grocery,I-Merchant
320,Purchase,O
320,Date,O
320,:,O
320,2024-03-25,B-Date
320,Item,O
320,Sundry,O
320,goods,O
320,x,O
320,3,O
320,Amount,O
320,Paid,O
320,:,O
320,$141.62,B-Total
320,Payment,O
320,Method,O
320,:,O
320,Visa,B-PaymentMethod
320,Thank,O
320,you,O
320,for,O
320,shopping,O
320,with,O
320,us.,O
321,Downtown,B-Merchant
321,Pharmacy,I-Merchant
321,Purchase,O
321,Date,O
321,:,O
321,2024-01-13,B-Date
321,Item,O
321,Sundry,O
321,goods,O
321,x,O
321,2,O
321,Amount,O
321,Paid,O
321,:,O
321,$52.47,B-Total
321,Payment,O
321,Method,O
321,:,O
321,Cash,B-PaymentMethod
321,Thank,O
321,you,O
321,for,O
321,shopping,O
321,with,O
321,us.,O
322,Lakeside,B-Merchant
322,Cafe,I-Merchant
322,Purchase,O
322,Date,O
322,:,O
322,2024-01-25,B-Date
322,Item,O
322,Sundry,O
322,goods,O
322,x,O
322,2,O
322,Amount,O
322,Paid,O
322,:,O
322,$38.64,B-Total
322,Payment,O
322,Method,O
322,:,O
322,Amex,B-PaymentMethod
322,Thank,O
322,you,O
322,for,O
322,shopping,O
322,with,O
322,us.,O
323,Peak,B-Merchant
323,Outdoor,I-Merchant
323,Gear,I-Merchant
323,Purchase,O
323,Date,O
323,:,O
323,2025-04-08,B-Date
323,Item,O
323,Sundry,O
323,goods,O
323,x,O
323,3,O
323,Amount,O
323,Paid,O
323,:,O
323,$115.15,B-Total
323,Payment,O
323,Method,O
323,:,O
323,Debit,B-PaymentMethod
323,Thank,O
323,you,O
323,for,O
323,shopping,O
323,with,O
323,us.,O
324,City,B-Merchant
324,Bike,I-Merchant
324,Rentals,I-Merchant
324,Purchase,O
324,Date,O
324,:,O
324,06/26/2025,B-Date
324,Item,O
324,Sundry,O
324,goods,O
324,x,O
324,3,O
324,Amount,O
324,Paid,O
324,:,O
324,$131.85,B-Total
324,Payment,O
324,Method,O
324,:,O
324,PayPal,B-PaymentMethod
324,Thank,O
324,you,O
324,for,O
324,shopping,O
324,with,O
324,us.,O
325,Peak,B-Merchant
325,Outdoor,I-Merchant
325,Gear,I-Merchant
325,Purchase,O
325,Date,O
325,:,O
325,2024-08-30,B-Date
325,Item,O
325,Sundry,O
325,goods,O
325,x,O
325,2,O
325,Amount,O
325,Paid,O
325,:,O
325,$25.25,B-Total
325,Payment,O
325,Method,O
325,:,O
325,PayPal,B-PaymentMethod
325,Thank,O
325,you,O
325,for,O
325,shopping,O
325,with,O
325,us.,O
326,Nightly,B-Merchant
326,Grill,I-Merchant
326,Purchase,O
326,Date,O
326,:,O
326,02/08/2025,B-Date
326,Item,O
326,Sundry,O
326,goods,O
326,x,O
326,3,O
326,Amount,O
326,Paid,O
326,:,O
326,$281.40,B-Total
326,Payment,O
326,Method,O
326,:,O
326,Debit,B-PaymentMethod
326,Thank,O
326,you,O
326,for,O
326,shopping,O
326,with,O
326,us.,O
327,Lakeside,B-Merchant
327,Cafe,I-Merchant
327,Purchase,O
327,Date,O
327,:,O
327,2025-11-27,B-Date
327,Item,O
327,Sundry,O
327,goods,O
327,x,O
327,2,O
327,Amount,O
327,Paid,O
327,:,O
327,$35.39,B-Total
327,Payment,O
327,Method,O
327,:,O
327,Amex,B-PaymentMethod
327,Thank,O
327,you,O
327,for,O
327,shopping,O
327,with,O
327,us.,O
328,Nightly,B-Merchant
328,Grill,I-Merchant
328,Purchase,O
328,Date,O
328,:,O
328,03/29/2026,B-Date
328,Item,O
328,Sundry,O
328,goods,O
328,x,O
328,2,O
328,Amount,O
328,Paid,O
328,:,O
328,$249.14,B-Total
328,Payment,O
328,Method,O
328,:,O
328,Debit,B-PaymentMethod
328,Thank,O
328,you,O
328,for,O
328,shopping,O
328,with,O
328,us.,O
329,Riverside,B-Merchant
329,Diner,I-Merchant
329,Purchase,O
329,Date,O
329,:,O
329,2023-04-02,B-Date
329,Item,O
329,Sundry,O
329,goods,O
329,x,O
329,1,O
329,Amount,O
329,Paid,O
329,:,O
329,$288.36,B-Total
329,Payment,O
329,Method,O
329,:,O
329,Cash,B-PaymentMethod
329,Thank,O
329,you,O
329,for,O
329,shopping,O
329,with,O
329,us.,O
330,Union,B-Merchant
330,Hardware,I-Merchant
330,Purchase,O
330,Date,O
330,:,O
330,2024-07-01,B-Date
330,Item,O
330,Sundry,O
330,goods,O
330,x,O
330,1,O
330,Amount,O
330,Paid,O
330,:,O
330,$152.23,B-Total
330,Payment,O
330,Method,O
330,:,O
330,Mastercard,B-PaymentMethod
330,Thank,O
330,you,O
330,for,O
330,shopping,O
330,with,O
330,us.,O
331,Riverside,B-Merchant
331,Diner,I-Merchant
331,Purchase,O
331,Date,O
331,:,O
331,02/11/2026,B-Date
331,Item,O
331,Sundry,O
331,goods,O
331,x,O
331,4,O
331,Amount,O
331,Paid,O
331,:,O
331,$253.26,B-Total
331,Payment,O
331,Method,O
331,:,O
331,Mastercard,B-PaymentMethod
331,Thank,O
331,you,O
331,for,O
331,shopping,O
331,with,O
331,us.,O
332,Lakeside,B-Merchant
332,Cafe,I-Merchant
332,Purchase,O
332,Date,O
332,:,O
332,12/29/2024,B-Date
332,Item,O
332,Sundry,O
332,goods,O
332,x,O
332,2,O
332,Amount,O
332,Paid,O
332,:,O
332,$187.87,B-Total
332,Payment,O
332,Method,O
332,:,O
332,Cash,B-PaymentMethod
332,Thank,O
332,you,O
332,for,O
332,shopping,O
332,with,O
332,us.,O
333,Sunset,B-Merchant
333,Cinema,I-Merchant
333,Purchase,O
333,Date,O
333,:,O
333,11/11/2026,B-Date
333,Item,O
333,Sundry,O
333,goods,O
333,x,O
333,5,O
333,Amount,O
333,Paid,O
333,:,O
333,$30.46,B-Total
333,Payment,O
333,Method,O
333,:,O
333,Visa,B-PaymentMethod
333,Thank,O
333,you,O
333,for,O
333,shopping,O
333,with,O
333,us.,O
334,Corner,B-Merchant
334,Market,I-Merchant
334,Purchase,O
334,Date,O
334,:,O
334,2025-09-18,B-Date
334,Item,O
334,Sundry,O
334,goods,O
334,x,O
334,5,O
334,Amount,O
334,Paid,O
334,:,O
334,$95.92,B-Total
334,Payment,O
334,Method,O
334,:,O
334,Cash,B-PaymentMethod
334,Thank,O
334,you,O
334,for,O
334,shopping,O
334,with,O
334,us.,O
335,Blue,B-Merchant
335,Bottle,I-Merchant
335,Coffee,I-Merchant
335,Purchase,O
335,Date,O
335,:,O
335,2024-08-02,B-Date
335,Item,O
335,Sundry,O
335,goods,O
335,x,O
335,5,O
335,Amount,O
335,Paid,O
335,:,O
335,$106.04,B-Total
335,Payment,O
335,Method,O
335,:,O
335,Visa,B-PaymentMethod
335,Thank,O
335,you,O
335,for,O
335,shopping,O
335,with,O
335,us.,O
336,Riverside,B-Merchant
336,Diner,I-Merchant
336,Purchase,O
336,Date,O
336,:,O
336,2023-06-30,B-Date
336,Item,O
336,Sundry,O
336,goods,O
336,x,O
336,2,O
336,Amount,O
336,Paid,O
336,:,O
336,$6.98,B-Total
336,Payment,O
336,Method,O
336,:,O
336,Debit,B-PaymentMethod
336,Thank,O
336,you,O
336,for,O
336,shopping,O
336,with,O
336,us.,O
337,Green,B-Merchant
337,Leaf,I-Merchant
337,Grocery,I-Merchant
337,Purchase,O
337,Date,O
337,:,O
337,2026-11-28,B-Date
337,Item,O
337,Sundry,O
337,goods,O
337,x,O
337,1,O
337,Amount,O
337,Paid,O
337,:,O
337,$251.19,B-Total
337,Payment,O
337,Method,O
337,:,O
337,Visa,B-PaymentMethod
337,Thank,O
337,you,O
337,for,O
337,shopping,O
337,with,O
337,us.,O
338,City,B-Merchant
338,Bike,I-Merchant
338,Rentals,I-Merchant
338,Purchase,O
338,Date,O
338,:,O
338,03/22/2025,B-Date
338,Item,O
338,Sundry,O
338,goods,O
338,x,O
338,2,O
338,Amount,O
338,Paid,O
338,:,O
338,$95.52,B-Total
338,Payment,O
338,Method,O
338,:,O
338,Amex,B-PaymentMethod
338,Thank,O
338,you,O
338,for,O
338,shopping,O
338,with,O
338,us.,O
339,Corner,B-Merchant
339,Market,I-Merchant
339,Purchase,O
339,Date,O
339,:,O
339,2023-05-06,B-Date
339,Item,O
339,Sundry,O
339,goods,O
339,x,O
339,5,O
339,Amount,O
339,Paid,O
339,:,O
339,$271.80,B-Total
339,Payment,O
339,Method,O
339,:,O
339,Amex,B-PaymentMethod
339,Thank,O
339,you,O
339,for,O
339,shopping,O
339,with,O
339,us.,O
340,Old,B-Merchant
340,Town,I-Merchant
340,Bakery,I-Merchant
340,Purchase,O
340,Date,O
340,:,O
340,10/16/2024,B-Date
340,Item,O
340,Sundry,O
340,goods,O
340,x,O
340,2,O
340,Amount,O
340,Paid,O
340,:,O
340,$87.83,B-Total
340,Payment,O
340,Method,O
340,:,O
340,Visa,B-PaymentMethod
340,Thank,O
340,you,O
340,for,O
340,shopping,O
340,with,O
340,us.,O
341,Harbor,B-Merchant
341,Bookshop,I-Merchant
341,Purchase,O
341,Date,O
341,:,O
341,2026-04-18,B-Date
341,Item,O
341,Sundry,O
341,goods,O
341,x,O
341,2,O
341,Amount,O
341,Paid,O
341,:,O
341,$283.81,B-Total
341,Payment,O
341,Method,O
341,:,O
341,Amex,B-PaymentMethod
341,Thank,O
341,you,O
341,for,O
341,shopping,O
341,with,O
341,us.,O
342,Union,B-Merchant
342,Hardware,I-Merchant
342,Purchase,O
342,Date,O
342,:,O
342,2026-01-23,B-Date
342,Item,O
342,Sundry,O
342,goods,O
342,x,O
342,5,O
342,Amount,O
342,Paid,O
342,:,O
342,$242.97,B-Total
342,Payment,O
342,Method,O
342,:,O
342,Visa,B-PaymentMethod
342,Thank,O
342,you,O
342,for,O
342,shopping,O
342,with,O
342,us.,O
343,Corner,B-Merchant
343,Market,I-Merchant
343,Purchase,O
343,Date,O
343,:,O
343,02/28/2026,B-Date
343,Item,O
343,Sundry,O
343,goods,O
343,x,O
343,3,O
343,Amount,O
343,Paid,O
343,:,O
343,$87.11,B-Total
343,Payment,O
343,Method,O
343,:,O
343,Debit,B-PaymentMethod
343,Thank,O
343,you,O
343,for,O
343,shopping,O
343,with,O
343,us.,O
344,Blue,B-Merchant
344,Bottle,I-Merchant
344,Coffee,I-Merchant
344,Purchase,O
344,Date,O
344,:,O
344,2023-07-14,B-Date
344,Item,O
344,Sundry,O
344,goods,O
344,x,O
344,4,O
344,Amount,O
344,Paid,O
344,:,O
344,$217.31,B-Total
344,Payment,O
344,Method,O
344,:,O
344,Cash,B-PaymentMethod
344,Thank,O
344,you,O
344,for,O
344,shopping,O
344,with,O
344,us.,O
345,Old,B-Merchant
345,Town,I-Merchant
345,Bakery,I-Merchant
345,Purchase,O
345,Date,O
345,:,O
345,05/08/2023,B-Date
345,Item,O
345,Sundry,O
345,goods,O
345,x,O
345,5,O
345,Amount,O
345,Paid,O
345,:,O
345,$91.20,B-Total
345,Payment,O
345,Method,O
345,:,O
345,Visa,B-PaymentMethod
345,Thank,O
345,you,O
345,for,O
345,shopping,O
345,with,O
345,us.,O
346,Peak,B-Merchant
346,Outdoor,I-Merchant
346,Gear,I-Merchant
346,Purchase,O
346,Date,O
346,:,O
346,10/11/2026,B-Date
346,Item,O
346,Sundry,O
346,goods,O
346,x,O
346,5,O
346,Amount,O
346,Paid,O
346,:,O
346,$141.54,B-Total
346,Payment,O
346,Method,O
346,:,O
346,Debit,B-PaymentMethod
346,Thank,O
346,you,O
346,for,O
346,shopping,O
346,with,O
346,us.,O
347,Nightly,B-Merchant
347,Grill,I-Merchant
347,Purchase,O
347,Date,O
347,:,O
347,06/24/2024,B-Date
347,Item,O
347,Sundry,O
347,goods,O
347,x,O
347,5,O
347,Amount,O
347,Paid,O
347,:,O
347,$143.26,B-Total
347,Payment,O
347,Method,O
347,:,O
347,PayPal,B-PaymentMethod
347,Thank,O
347,you,O
347,for,O
347,shopping,O
347,with,O
347,us.,O
348,Corner,B-Merchant
348,Market,I-Merchant
348,Purchase,O
348,Date,O
348,:,O
348,10/20/2024,B-Date
348,Item,O
348,Sundry,O
348,goods,O
348,x,O
348,3,O
348,Amount,O
348,Paid,O
348,:,O
348,$102.72,B-Total
348,Payment,O
348,Method,O
348,:,O
348,Cash,B-PaymentMethod
348,Thank,O
348,you,O
348,for,O
348,shopping,O
348,with,O
348,us.,O
349,Corner,B-Merchant
349,Market,I-Merchant
349,Purchase,O
349,Date,O
349,:,O
349,11/04/2025,B-Date
349,Item,O
349,Sundry,O
349,goods,O
349,x,O
349,5,O
349,Amount,O
349,Paid,O
349,:,O
349,$297.48,B-Total
349,Payment,O
349,Method,O
349,:,O
349,Visa,B-PaymentMethod
349,Thank,O
349,you,O
349,for,O
349,shopping,O
349,with,O
349,us.,O
350,Corner,B-Merchant
350,Market,I-Merchant
350,Purchase,O
350,Date,O
350,:,O
350,08/17/2023,B-Date
350,Item,O
350,Sundry,O
350,goods,O
350,x,O
350,5,O
350,Amount,O
350,Paid,O
350,:,O
350,$42.08,B-Total
350,Payment,O
350,Method,O
350,:,O
350,Debit,B-PaymentMethod
350,Thank,O
350,you,O
350,for,O
350,shopping,O
350,with,O
350,us.,O
351,Corner,B-Merchant
351,Market,I-Merchant
351,Purchase,O
351,Date,O
351,:,O
351,01/26/2024,B-Date
351,Item,O
351,Sundry,O
351,goods,O
351,x,O
351,1,O
351,Amount,O
351,Paid,O
351,:,O
351,$163.72,B-Total
351,Payment,O
351,Method,O
351,:,O
351,Mastercard,B-PaymentMethod
351,Thank,O
351,you,O
351,for,O
351,shopping,O
351,with,O
351,us.,O
352,Lakeside,B-Merchant
352,Cafe,I-Merchant
352,Purchase,O
352,Date,O
352,:,O
352,06/28/2026,B-Date
352,Item,O
352,Sundry,O
352,goods,O
352,x,O
352,4,O
352,Amount,O
352,Paid,O
352,:,O
352,$84.69,B-Total
352,Payment,O
352,Method,O
352,:,O
352,Mastercard,B-PaymentMethod
352,Thank,O
352,you,O
352,for,O
352,shopping,O
352,with,O
352,us.,O
353,Downtown,B-Merchant
353,Pharmacy,I-Merchant
353,Purchase,O
353,Date,O
353,:,O
353,2026-04-13,B-Date
353,Item,O
353,Sundry,O
353,goods,O
353,x,O
353,1,O
353,Amount,O
353,Paid,O
353,:,O
353,$103.53,B-Total
353,Payment,O
353,Method,O
353,:,O
353,Mastercard,B-PaymentMethod
353,Thank,O
353,you,O
353,for,O
353,shopping,O
353,with,O
353,us.,O
354,Harbor,B-Merchant
354,Bookshop,I-Merchant
354,Purchase,O
354,Date,O
354,:,O
354,2023-05-04,B-Date
354,Item,O
354,Sundry,O
354,goods,O
354,x,O
354,3,O
354,Amount,O
354,Paid,O
354,:,O
354,$230.84,B-Total
354,Payment,O
354,Method,O
354,:,O
354,Amex,B-PaymentMethod
354,Thank,O
354,you,O
354,for,O
354,shopping,O
354,with,O
354,us.,O
355,Old,B-Merchant
355,Town,I-Merchant
355,Bakery,I-Merchant
355,Purchase,O
355,Date,O
355,:,O
355,2025-09-11,B-Date
355,Item,O
355,Sundry,O
355,goods,O
355,x,O
355,3,O
355,Amount,O
355,Paid,O
355,:,O
355,$227.25,B-Total
355,Payment,O
355,Method,O
355,:,O
355,Amex,B-PaymentMethod
355,Thank,O
355,you,O
355,for,O
355,shopping,O
355,with,O
355,us.,O
356,Nightly,B-Merchant
356,Grill,I-Merchant
356,Purchase,O
356,Date,O
356,:,O
356,2025-12-18,B-Date
356,Item,O
356,Sundry,O
356,goods,O
356,x,O
356,2,O
356,Amount,O
356,Paid,O
356,:,O
356,$269.72,B-Total
356,Payment,O
356,Method,O
356,:,O
356,Debit,B-PaymentMethod
356,Thank,O
356,you,O
356,for,O
356,shopping,O
356,with,O
356,us.,O
357,Union,B-Merchant
357,Hardware,I-Merchant
357,Purchase,O
357,Date,O
357,:,O
357,09/03/2025,B-Date
357,Item,O
357,Sundry,O
357,goods,O
357,x,O
357,3,O
357,Amount,O
357,Paid,O
357,:,O
357,$288.79,B-Total
357,Payment,O
357,Method,O
357,:,O
357,Visa,B-PaymentMethod
357,Thank,O
357,you,O
357,for,O
357,shopping,O
357,with,O
357,us.,O
358,Nightly,B-Merchant
358,Grill,I-Merchant
358,Purchase,O
358,Date,O
358,:,O
358,06/25/2023,B-Date
358,Item,O
358,Sundry,O
358,goods,O
358,x,O
358,5,O
358,Amount,O
358,Paid,O
358,:,O
358,$191.03,B-Total
358,Payment,O
358,Method,O
358,:,O
358,Mastercard,B-PaymentMethod
358,Thank,O
358,you,O
358,for,O
358,shopping,O
358,with,O
358,us.,O
359,Sunset,B-Merchant
359,Cinema,I-Merchant
359,Purchase,O
359,Date,O
359,:,O
359,01/24/2023,B-Date
359,Item,O
359,Sundry,O
359,goods,O
359,x,O
359,4,O
359,Amount,O
359,Paid,O
359,:,O
359,$275.46,B-Total
359,Payment,O
359,Method,O
359,:,O
359,PayPal,B-PaymentMethod
359,Thank,O
359,you,O
359,for,O
359,shopping,O
359,with,O
359,us.,O
360,Union,B-Merchant
360,Hardware,I-Merchant
360,Purchase,O
360,Date,O
360,:,O
360,2025-06-18,B-Date
360,Item,O
360,Sundry,O
360,goods,O
360,x,O
360,5,O
360,Amount,O
360,Paid,O
360,:,O
360,$168.67,B-Total
360,Payment,O
360,Method,O
360,:,O
360,Visa,B-PaymentMethod
360,Thank,O
360,you,O
360,for,O
360,shopping,O
360,with,O
360,us.,O
361,Trailhead,B-Merchant
361,Sports,I-Merchant
361,Purchase,O
361,Date,O
361,:,O
361,12/29/2026,B-Date
361,Item,O
361,Sundry,O
361,goods,O
361,x,O
361,4,O
361,Amount,O
361,Paid,O
361,:,O
361,$24.52,B-Total
361,Payment,O
361,Method,O
361,:,O
361,Cash,B-PaymentMethod
361,Thank,O
361,you,O
361,for,O
361,shopping,O
361,with,O
361,us.,O
362,Green,B-Merchant
362,Leaf,I-Merchant
362,Grocery,I-Merchant
362,Purchase,O
362,Date,O
362,:,O
362,09/09/2024,B-Date
362,Item,O
362,Sundry,O
362,goods,O
362,x,O
362,5,O
362,Amount,O
362,Paid,O
362,:,O
362,$142.86,B-Total
362,Payment,O
362,Method,O
362,:,O
362,Amex,B-PaymentMethod
362,Thank,O
362,you,O
362,for,O
362,shopping,O
362,with,O
362,us.,O
363,Green,B-Merchant
363,Leaf,I-Merchant
363,Grocery,I-Merchant
363,Purchase,O
363,Date,O
363,:,O
363,2023-04-15,B-Date
363,Item,O
363,Sundry,O
363,goods,O
363,x,O
363,2,O
363,Amount,O
363,Paid,O
363,:,O
363,$256.19,B-Total
363,Payment,O
363,Method,O
363,:,O
363,PayPal,B-PaymentMethod
363,Thank,O
363,you,O
363,for,O
363,shopping,O
363,with,O
363,us.,O
364,Trailhead,B-Merchant
364,Sports,I-Merchant
364,Purchase,O
364,Date,O
364,:,O
364,2026-02-09,B-Date
364,Item,O
364,Sundry,O
364,goods,O
364,x,O
364,4,O
364,Amount,O
364,Paid,O
364,:,O
364,$168.38,B-Total
364,Payment,O
364,Method,O
364,:,O
364,Cash,B-PaymentMethod
364,Thank,O
364,you,O
364,for,O
364,shopping,O
364,with,O
364,us.,O
365,Harbor,B-Merchant
365,Bookshop,I-Merchant
365,Purchase,O
365,Date,O
365,:,O
365,08/08/2026,B-Date
365,Item,O
365,Sundry,O
365,goods,O
365,x,O
365,4,O
365,Amount,O
365,Paid,O
365,:,O
365,$224.95,B-Total
365,Payment,O
365,Method,O
365,:,O
365,PayPal,B-PaymentMethod
365,Thank,O
365,you,O
365,for,O
365,shopping,O
365,with,O
365,us.,O
366,Sunset,B-Merchant
366,Cinema,I-Merchant
366,Purchase,O
366,Date,O
366,:,O
366,04/27/2024,B-Date
366,Item,O
366,Sundry,O
366,goods,O
366,x,O
366,5,O
366,Amount,O
366,Paid,O
366,:,O
366,$146.36,B-Total
366,Payment,O
366,Method,O
366,:,O
366,Visa,B-PaymentMethod
366,Thank,O
366,you,O
366,for,O
366,shopping,O
366,with,O
366,us.,O
367,Riverside,B-Merchant
367,Diner,I-Merchant
367,Purchase,O
367,Date,O
367,:,O
367,2023-12-24,B-Date
367,Item,O
367,Sundry,O
367,goods,O
367,x,O
367,3,O
367,Amount,O
367,Paid,O
367,:,O
367,$95.14,B-Total
367,Payment,O
367,Method,O
367,:,O
367,PayPal,B-PaymentMethod
367,Thank,O
367,you,O
367,for,O
367,shopping,O
367,with,O
367,us.,O
368,Sunset,B-Merchant
368,Cinema,I-Merchant
368,Purchase,O
368,Date,O
368,:,O
368,2024-02-22,B-Date
368,Item,O
368,Sundry,O
368,goods,O
368,x,O
368,1,O
368,Amount,O
368,Paid,O
368,:,O
368,$223.72,B-Total
368,Payment,O
368,Method,O
368,:,O
368,PayPal,B-PaymentMethod
368,Thank,O
368,you,O
368,for,O
368,shopping,O
368,with,O
368,us.,O
369,Green,B-Merchant
369,Leaf,I-Merchant
369,Grocery,I-Merchant
369,Purchase,O
369,Date,O
369,:,O
369,05/29/2024,B-Date
369,Item,O
369,Sundry,O
369,goods,O
369,x,O
369,3,O
369,Amount,O
369,Paid,O
369,:,O
369,$261.68,B-Total
369,Payment,O
369,Method,O
369,:,O
369,PayPal,B-PaymentMethod
369,Thank,O
369,you,O
369,for,O
369,shopping,O
369,with,O
369,us.,O
370,Sunset,B-Merchant
370,Cinema,I-Merchant
370,Purchase,O
370,Date,O
370,:,O
370,2024-11-06,B-Date
370,Item,O
370,Sundry,O
370,goods,O
370,x,O
370,2,O
370,Amount,O
370,Paid,O
370,:,O
370,$151.32,B-Total
370,Payment,O
370,Method,O
370,:,O
370,Visa,B-PaymentMethod
370,Thank,O
370,you,O
370,for,O
370,shopping,O
370,with,O
370,us.,O
371,Harbor,B-Merchant
371,Bookshop,I-Merchant
371,Purchase,O
371,Date,O
371,:,O
371,2023-10-02,B-Date
371,Item,O
371,Sundry,O
371,goods,O
371,x,O
371,4,O
371,Amount,O
371,Paid,O
371,:,O
371,$143.75,B-Total
371,Payment,O
371,Method,O
371,:,O
371,Debit,B-PaymentMethod
371,Thank,O
371,you,O
371,for,O
371,shopping,O
371,with,O
371,us.,O
372,Old,B-Merchant
372,Town,I-Merchant
372,Bakery,I-Merchant
372,Purchase,O
372,Date,O
372,:,O
372,05/28/2025,B-Date
372,Item,O
372,Sundry,O
372,goods,O
372,x,O
372,5,O
372,Amount,O
372,Paid,O
372,:,O
372,$191.96,B-Total
372,Payment,O
372,Method,O
372,:,O
372,Visa,B-PaymentMethod
372,Thank,O
372,you,O
372,for,O
372,shopping,O
372,with,O
372,us.,O
373,City,B-Merchant
373,Bike,I-Merchant
373,Rentals,I-Merchant
373,Purchase,O
373,Date,O
373,:,O
373,02/08/2024,B-Date
373,Item,O
373,Sundry,O
373,goods,O
373,x,O
373,5,O
373,Amount,O
373,Paid,O
373,:,O
373,$160.38,B-Total
373,Payment,O
373,Method,O
373,:,O
373,Mastercard,B-PaymentMethod
373,Thank,O
373,you,O
373,for,O
373,shopping,O
373,with,O
373,us.,O
374,Lakeside,B-Merchant
374,Cafe,I-Merchant
374,Purchase,O
374,Date,O
374,:,O
374,06/24/2025,B-Date
374,Item,O
374,Sundry,O
374,goods,O
374,x,O
374,5,O
374,Amount,O
374,Paid,O
374,:,O
374,$97.15,B-Total
374,Payment,O
374,Method,O
374,:,O
374,Cash,B-PaymentMethod
374,Thank,O
374,you,O
374,for,O
374,shopping,O
374,with,O
374,us.,O
375,City,B-Merchant
375,Bike,I-Merchant
375,Rentals,I-Merchant
375,Purchase,O
375,Date,O
375,:,O
375,2023-11-06,B-Date
375,Item,O
375,Sundry,O
375,goods,O
375,x,O
375,5,O
375,Amount,O
375,Paid,O
375,:,O
375,$80.92,B-Total
375,Payment,O
375,Method,O
375,:,O
375,Debit,B-PaymentMethod
375,Thank,O
375,you,O
375,for,O
375,shopping,O
375,with,O
375,us.,O
376,Peak,B-Merchant
376,Outdoor,I-Merchant
376,Gear,I-Merchant
376,Purchase,O
376,Date,O
376,:,O
376,2023-09-18,B-Date
376,Item,O
376,Sundry,O
376,goods,O
376,x,O
376,4,O
376,Amount,O
376,Paid,O
376,:,O
376,$212.41,B-Total
376,Payment,O
376,Method,O
376,:,O
376,Visa,B-PaymentMethod
376,Thank,O
376,you,O
376,for,O
376,shopping,O
376,with,O
376,us.,O
377,Union,B-Merchant
377,Hardware,I-Merchant
377,Purchase,O
377,Date,O
377,:,O
377,2024-05-27,B-Date
377,Item,O
377,Sundry,O
377,goods,O
377,x,O
377,1,O
377,Amount,O
377,Paid,O
377,:,O
377,$41.02,B-Total
377,Payment,O
377,Method,O
377,:,O
377,PayPal,B-PaymentMethod
377,Thank,O
377,you,O
377,for,O
377,shopping,O
377,with,O
377,us.,O
378,Harbor,B-Merchant
378,Bookshop,I-Merchant
378,Purchase,O
378,Date,O
378,:,O
378,2023-05-30,B-Date
378,Item,O
378,Sundry,O
378,goods,O
378,x,O
378,3,O
378,Amount,O
378,Paid,O
378,:,O
378,$220.01,B-Total
378,Payment,O
378,Method,O
378,:,O
378,Mastercard,B-PaymentMethod
378,Thank,O
378,you,O
378,for,O
378,shopping,O
378,with,O
378,us.,O
379,Metro,B-Merchant
379,Fuel,I-Merchant
379,Stop,I-Merchant
379,Purchase,O
379,Date,O
379,:,O
379,06/19/2025,B-Date
379,Item,O
379,Sundry,O
379,goods,O
379,x,O
379,1,O
379,Amount,O
379,Paid,O
379,:,O
379,$104.21,B-Total
379,Payment,O
379,Method,O
379,:,O
379,Visa,B-PaymentMethod
379,Thank,O
379,you,O
379,for,O
379,shopping,O
379,with,O
379,us.,O
380,Harbor,B-Merchant
380,Bookshop,I-Merchant
380,Purchase,O
380,Date,O
380,:,O
380,06/20/2023,B-Date
380,Item,O
380,Sundry,O
380,goods,O
380,x,O
380,1,O
380,Amount,O
380,Paid,O
380,:,O
380,$240.17,B-Total
380,Payment,O
380,Method,O
380,:,O
380,Amex,B-PaymentMethod
380,Thank,O
380,you,O
380,for,O
380,shopping,O
380,with,O
380,us.,O
381,Metro,B-Merchant
381,Fuel,I-Merchant
381,Stop,I-Merchant
381,Purchase,O
381,Date,O
381,:,O
381,2026-01-29,B-Date
381,Item,O
381,Sundry,O
381,goods,O
381,x,O
381,3,O
381,Amount,O
381,Paid,O
381,:,O
381,$180.38,B-Total
381,Payment,O
381,Method,O
381,:,O
381,Mastercard,B-PaymentMethod
381,Thank,O
381,you,O
381,for,O
381,shopping,O
381,with,O
381,us.,O
382,Blue,B-Merchant
382,Bottle,I-Merchant
382,Coffee,I-Merchant
382,Purchase,O
382,Date,O
382,:,O
382,04/21/2026,B-Date
382,Item,O
382,Sundry,O
382,goods,O
382,x,O
382,4,O
382,Amount,O
382,Paid,O
382,:,O
382,$51.49,B-Total
382,Payment,O
382,Method,O
382,:,O
382,Debit,B-PaymentMethod
382,Thank,O
382,you,O
382,for,O
382,shopping,O
382,with,O
382,us.,O
383,Old,B-Merchant
383,Town,I-Merchant
383,Bakery,I-Merchant
383,Purchase,O
383,Date,O
383,:,O
383,2024-09-04,B-Date
383,Item,O
383,Sundry,O
383,goods,O
383,x,O
383,2,O
383,Amount,O
383,Paid,O
383,:,O
383,$146.54,B-Total
383,Payment,O
383,Method,O
383,:,O
383,Amex,B-PaymentMethod
383,Thank,O
383,you,O
383,for,O
383,shopping,O
383,with,O
383,us.,O
384,Blue,B-Merchant
384,Bottle,I-Merchant
384,Coffee,I-Merchant
384,Purchase,O
384,Date,O
384,:,O
384,2026-06-01,B-Date
384,Item,O
384,Sundry,O
384,goods,O
384,x,O
384,2,O
384,Amount,O
384,Paid,O
384,:,O
384,$299.11,B-Total
384,Payment,O
384,Method,O
384,:,O
384,Mastercard,B-PaymentMethod
384,Thank,O
384,you,O
384,for,O
384,shopping,O
384,with,O
384,us.,O
385,Peak,B-Merchant
385,Outdoor,I-Merchant
385,Gear,I-Merchant
385,Purchase,O
385,Date,O
385,:,O
385,2025-05-07,B-Date
385,Item,O
385,Sundry,O
385,goods,O
385,x,O
385,4,O
385,Amount,O
385,Paid,O
385,:,O
385,$123.68,B-Total
385,Payment,O
385,Method,O
385,:,O
385,Amex,B-PaymentMethod
385,Thank,O
385,you,O
385,for,O
385,shopping,O
385,with,O
385,us.,O
386,Peak,B-Merchant
386,Outdoor,I-Merchant
386,Gear,I-Merchant
386,Purchase,O
386,Date,O
386,:,O
386,04/30/2023,B-Date
386,Item,O
386,Sundry,O
386,goods,O
386,x,O
386,2,O
386,Amount,O
386,Paid,O
386,:,O
386,$169.95,B-Total
386,Payment,O
386,Method,O
386,:,O
386,Mastercard,B-PaymentMethod
386,Thank,O
386,you,O
386,for,O
386,shopping,O
386,with,O
386,us.,O
387,Union,B-Merchant
387,Hardware,I-Merchant
387,Purchase,O
387,Date,O
387,:,O
387,2023-12-11,B-Date
387,Item,O
387,Sundry,O
387,goods,O
387,x,O
387,1,O
387,Amount,O
387,Paid,O
387,:,O
387,$256.24,B-Total
387,Payment,O
387,Method,O
387,:,O
387,Amex,B-PaymentMethod
387,Thank,O
387,you,O
387,for,O
387,shopping,O
387,with,O
387,us.,O
388,Union,B-Merchant
388,Hardware,I-Merchant
388,Purchase,O
388,Date,O
388,:,O
388,07/01/2026,B-Date
388,Item,O
388,Sundry,O
388,goods,O
388,x,O
388,4,O
388,Amount,O
388,Paid,O
388,:,O
388,$25.52,B-Total
388,Payment,O
388,Method,O
388,:,O
388,PayPal,B-PaymentMethod
388,Thank,O
388,you,O
388,for,O
388,shopping,O
388,with,O
388,us.,O
389,Blue,B-Merchant
389,Bottle,I-Merchant
389,Coffee,I-Merchant
389,Purchase,O
389,Date,O
389,:,O
389,2025-09-26,B-Date
389,Item,O
389,Sundry,O
389,goods,O
389,x,O
389,3,O
389,Amount,O
389,Paid,O
389,:,O
389,$67.00,B-Total
389,Payment,O
389,Method,O
389,:,O
389,Cash,B-PaymentMethod
389,Thank,O
389,you,O
389,for,O
389,shopping,O
389,with,O
389,us.,O
390,Harbor,B-Merchant
390,Bookshop,I-Merchant
390,Purchase,O
390,Date,O
390,:,O
390,02/03/2023,B-Date
390,Item,O
390,Sundry,O
390,goods,O
390,x,O
390,4,O
390,Amount,O
390,Paid,O
390,:,O
390,$57.95,B-Total
390,Payment,O
390,Method,O
390,:,O
390,Visa,B-PaymentMethod
390,Thank,O
390,you,O
390,for,O
390,shopping,O
390,with,O
390,us.,O
391,Union,B-Merchant
391,Hardware,I-Merchant
391,Purchase,O
391,Date,O
391,:,O
391,06/23/2025,B-Date
391,Item,O
391,Sundry,O
391,goods,O
391,x,O
391,1,O
391,Amount,O
391,Paid,O
391,:,O
391,$183.93,B-Total
391,Payment,O
391,Method,O
391,:,O
391,Mastercard,B-PaymentMethod
391,Thank,O
391,you,O
391,for,O
391,shopping,O
391,with,O
391,us.,O
392,Riverside,B-Merchant
392,Diner,I-Merchant
392,Purchase,O
392,Date,O
392,:,O
392,2025-04-09,B-Date
392,Item,O
392,Sundry,O
392,goods,O
392,x,O
392,1,O
392,Amount,O
392,Paid,O
392,:,O
392,$137.20,B-Total
392,Payment,O
392,Method,O
392,:,O
392,PayPal,B-PaymentMethod
392,Thank,O
392,you,O
392,for,O
392,shopping,O
392,with,O
392,us.,O
393,Metro,B-Merchant
393,Fuel,I-Merchant
393,Stop,I-Merchant
393,Purchase,O
393,Date,O
393,:,O
393,11/23/2023,B-Date
393,Item,O
393,Sundry,O
393,goods,O
393,x,O
393,2,O
393,Amount,O
393,Paid,O
393,:,O
393,$114.35,B-Total
393,Payment,O
393,Method,O
393,:,O
393,Debit,B-PaymentMethod
393,Thank,O
393,you,O
393,for,O
393,shopping,O
393,with,O
393,us.,O
394,Union,B-Merchant
394,Hardware,I-Merchant
394,Purchase,O
394,Date,O
394,:,O
394,04/18/2023,B-Date
394,Item,O
394,Sundry,O
394,goods,O
394,x,O
394,1,O
394,Amount,O
394,Paid,O
394,:,O
394,$280.41,B-Total
394,Payment,O
394,Method,O
394,:,O
394,Cash,B-PaymentMethod
394,Thank,O
394,you,O
394,for,O
394,shopping,O
394,with,O
394,us.,O
395,Green,B-Merchant
395,Leaf,I-Merchant
395,Grocery,I-Merchant
395,Purchase,O
395,Date,O
395,:,O
395,05/11/2026,B-Date
395,Item,O
395,Sundry,O
395,goods,O
395,x,O
395,5,O
395,Amount,O
395,Paid,O
395,:,O
395,$219.11,B-Total
395,Payment,O
395,Method,O
395,:,O
395,Debit,B-PaymentMethod
395,Thank,O
395,you,O
395,for,O
395,shopping,O
395,with,O
395,us.,O
396,Riverside,B-Merchant
396,Diner,I-Merchant
396,Purchase,O
396,Date,O
396,:,O
396,2025-10-20,B-Date
396,Item,O
396,Sundry,O
396,goods,O
396,x,O
396,1,O
396,Amount,O
396,Paid,O
396,:,O
396,$263.69,B-Total
396,Payment,O
396,Method,O
396,:,O
396,Debit,B-PaymentMethod
396,Thank,O
396,you,O
396,for,O
396,shopping,O
396,with,O
396,us.,O
397,Peak,B-Merchant
397,Outdoor,I-Merchant
397,Gear,I-Merchant
397,Purchase,O
397,Date,O
397,:,O
397,2024-03-27,B-Date
397,Item,O
397,Sundry,O
397,goods,O
397,x,O
397,1,O
397,Amount,O
397,Paid,O
397,:,O
397,$234.65,B-Total
397,Payment,O
397,Method,O
397,:,O
397,Debit,B-PaymentMethod
397,Thank,O
397,you,O
397,for,O
397,shopping,O
397,with,O
397,us.,O
398,Sunset,B-Merchant
398,Cinema,I-Merchant
398,Purchase,O
398,Date,O
398,:,O
398,02/04/2025,B-Date
398,Item,O
398,Sundry,O
398,goods,O
398,x,O
398,4,O
398,Amount,O
398,Paid,O
398,:,O
398,$159.92,B-Total
398,Payment,O
398,Method,O
398,:,O
398,Visa,B-PaymentMethod
398,Thank,O
398,you,O
398,for,O
398,shopping,O
398,with,O
398,us.,O
399,Union,B-Merchant
399,Hardware,I-Merchant
399,Purchase,O
399,Date,O
399,:,O
399,09/30/2024,B-Date
399,Item,O
399,Sundry,O
399,goods,O
399,x,O
399,3,O
399,Amount,O
399,Paid,O
399,:,O
399,$192.53,B-Total
399,Payment,O
399,Method,O
399,:,O
399,Cash,B-PaymentMethod
399,Thank,O
399,you,O
399,for,O
399,shopping,O
399,with,O
399,us.,O
400,Lakeside,B-Merchant
400,Cafe,I-Merchant
400,Purchase,O
400,Date,O
400,:,O
400,2023-07-27,B-Date
400,Item,O
400,Sundry,O
400,goods,O
400,x,O
400,5,O
400,Amount,O
400,Paid,O
400,:,O
400,$224.07,B-Total
400,Payment,O
400,Method,O
400,:,O
400,Visa,B-PaymentMethod
400,Thank,O
400,you,O
400,for,O
400,shopping,O
400,with,O
400,us.,O
401,Union,B-Merchant
401,Hardware,I-Merchant
401,Purchase,O
401,Date,O
401,:,O
401,04/16/2025,B-Date
401,Item,O
401,Sundry,O
401,goods,O
401,x,O
401,2,O
401,Amount,O
401,Paid,O
401,:,O
401,$221.85,B-Total
401,Payment,O
401,Method,O
401,:,O
401,Visa,B-PaymentMethod
401,Thank,O
401,you,O
401,for,O
401,shopping,O
401,with,O
401,us.,O
402,Corner,B-Merchant
402,Market,I-Merchant
402,Purchase,O
402,Date,O
402,:,O
402,2024-11-20,B-Date
402,Item,O
402,Sundry,O
402,goods,O
402,x,O
402,1,O
402,Amount,O
402,Paid,O
402,:,O
402,$68.78,B-Total
402,Payment,O
402,Method,O
402,:,O
402,Debit,B-PaymentMethod
402,Thank,O
402,you,O
402,for,O
402,shopping,O
402,with,O
402,us.,O
403,Riverside,B-Merchant
403,Diner,I-Merchant
403,Purchase,O
403,Date,O
403,:,O
403,2023-02-25,B-Date
403,Item,O
403,Sundry,O
403,goods,O
403,x,O
403,4,O
403,Amount,O
403,Paid,O
403,:,O
403,$216.47,B-Total
403,Payment,O
403,Method,O
403,:,O
403,Amex,B-PaymentMethod
403,Thank,O
403,you,O
403,for,O
403,shopping,O
403,with,O
403,us.,O
404,City,B-Merchant
404,Bike,I-Merchant
404,Rentals,I-Merchant
404,Purchase,O
404,Date,O
404,:,O
404,2024-12-15,B-Date
404,Item,O
404,Sundry,O
404,goods,O
404,x,O
404,3,O
404,Amount,O
404,Paid,O
404,:,O
404,$259.58,B-Total
404,Payment,O
404,Method,O
404,:,O
404,PayPal,B-PaymentMethod
404,Thank,O
404,you,O
404,for,O
404,shopping,O
404,with,O
404,us.,O
405,Green,B-Merchant
405,Leaf,I-Merchant
405,Grocery,I-Merchant
405,Purchase,O
405,Date,O
405,:,O
405,2025-02-05,B-Date
405,Item,O
405,Sundry,O
405,goods,O
405,x,O
405,3,O
405,Amount,O
405,Paid,O
405,:,O
405,$189.86,B-Total
405,Payment,O
405,Method,O
405,:,O
405,Visa,B-PaymentMethod
405,Thank,O
405,you,O
405,for,O
405,shopping,O
405,with,O
405,us.,O
406,Riverside,B-Merchant
406,Diner,I-Merchant
406,Purchase,O
406,Date,O
406,:,O
406,2024-12-22,B-Date
406,Item,O
406,Sundry,O
406,goods,O
406,x,O
406,3,O
406,Amount,O
406,Paid,O
406,:,O
406,$98.78,B-Total
406,Payment,O
406,Method,O
406,:,O
406,Visa,B-PaymentMethod
406,Thank,O
406,you,O
406,for,O
406,shopping,O
406,with,O
406,us.,O
407,Trailhead,B-Merchant
407,Sports,I-Merchant
407,Purchase,O
407,Date,O
407,:,O
407,08/12/2024,B-Date
407,Item,O
407,Sundry,O
407,goods,O
407,x,O
407,5,O
407,Amount,O
407,Paid,O
407,:,O
407,$146.16,B-Total
407,Payment,O
407,Method,O
407,:,O
407,Debit,B-PaymentMethod
407,Thank,O
407,you,O
407,for,O
407,shopping,O
407,with,O
407,us.,O
408,Green,B-Merchant
408,Leaf,I-Merchant
408,Grocery,I-Merchant
408,Purchase,O
408,Date,O
408,:,O
408,05/11/2025,B-Date
408,Item,O
408,Sundry,O
408,goods,O
408,x,O
408,2,O
408,Amount,O
408,Paid,O
408,:,O
408,$252.90,B-Total
408,Payment,O
408,Method,O
408,:,O
408,Amex,B-PaymentMethod
408,Thank,O
408,you,O
408,for,O
408,shopping,O
408,with,O
408,us.,O
409,Harbor,B-Merchant
409,Bookshop,I-Merchant
409,Purchase,O
409,Date,O
409,:,O
409,05/21/2026,B-Date
409,Item,O
409,Sundry,O
409,goods,O
409,x,O
409,3,O
409,Amount,O
409,Paid,O
409,:,O
409,$250.28,B-Total
409,Payment,O
409,Method,O
409,:,O
409,PayPal,B-PaymentMethod
409,Thank,O
409,you,O
409,for,O
409,shopping,O
409,with,O
409,us.,O
410,Metro,B-Merchant
410,Fuel,I-Merchant
410,Stop,I-Merchant
410,Purchase,O
410,Date,O
410,:,O
410,2025-01-31,B-Date
410,Item,O
410,Sundry,O
410,goods,O
410,x,O
410,1,O
410,Amount,O
410,Paid,O
410,:,O
410,$241.06,B-Total
410,Payment,O
410,Method,O
410,:,O
410,Cash,B-PaymentMethod
410,Thank,O
410,you,O
410,for,O
410,shopping,O
410,with,O
410,us.,O
411,Corner,B-Merchant
411,Market,I-Merchant
411,Purchase,O
411,Date,O
411,:,O
411,01/24/2023,B-Date
411,Item,O
411,Sundry,O
411,goods,O
411,x,O
411,5,O
411,Amount,O
411,Paid,O
411,:,O
411,$48.91,B-Total
411,Payment,O
411,Method,O
411,:,O
411,Amex,B-PaymentMethod
411,Thank,O
411,you,O
411,for,O
411,shopping,O
411,with,O
411,us.,O
412,Green,B-Merchant
412,Leaf,I-Merchant
412,Grocery,I-Merchant
412,Purchase,O
412,Date,O
412,:,O
412,12/24/2024,B-Date
412,Item,O
412,Sundry,O
412,goods,O
412,x,O
412,2,O
412,Amount,O
412,Paid,O
412,:,O
412,$148.23,B-Total
412,Payment,O
412,Method,O
412,:,O
412,Visa,B-PaymentMethod
412,Thank,O
412,you,O
412,for,O
412,shopping,O
412,with,O
412,us.,O
413,Trailhead,B-Merchant
413,Sports,I-Merchant
413,Purchase,O
413,Date,O
413,:,O
413,2023-03-20,B-Date
413,Item,O
413,Sundry,O
413,goods,O
413,x,O
413,5,O
413,Amount,O
413,Paid,O
413,:,O
413,$233.19,B-Total
413,Payment,O
413,Method,O
413,:,O
413,Amex,B-PaymentMethod
413,Thank,O
413,you,O
413,for,O
413,shopping,O
413,with,O
413,us.,O
414,Green,B-Merchant
414,Leaf,I-Merchant
414,Grocery,I-Merchant
414,Purchase,O
414,Date,O
414,:,O
414,11/09/2024,B-Date
414,Item,O
414,Sundry,O
414,goods,O
414,x,O
414,5,O
414,Amount,O
414,Paid,O
414,:,O
414,$282.27,B-Total
414,Payment,O
414,Method,O
414,:,O
414,Amex,B-PaymentMethod
414,Thank,O
414,you,O
414,for,O
414,shopping,O
414,with,O
414,us.,O
415,Green,B-Merchant
415,Leaf,I-Merchant
415,Grocery,I-Merchant
415,Purchase,O
415,Date,O
415,:,O
415,02/20/2023,B-Date
415,Item,O
415,Sundry,O
415,goods,O
415,x,O
415,5,O
415,Amount,O
415,Paid,O
415,:,O
415,$212.22,B-Total
415,Payment,O
415,Method,O
415,:,O
415,Debit,B-PaymentMethod
415,Thank,O
415,you,O
415,for,O
415,shopping,O
415,with,O
415,us.,O
416,Peak,B-Merchant
416,Outdoor,I-Merchant
416,Gear,I-Merchant
416,Purchase,O
416,Date,O
416,:,O
416,12/12/2025,B-Date
416,Item,O
416,Sundry,O
416,goods,O
416,x,O
416,5,O
416,Amount,O
416,Paid,O
416,:,O
416,$260.25,B-Total
416,Payment,O
416,Method,O
416,:,O
416,Amex,B-PaymentMethod
416,Thank,O
416,you,O
416,for,O
416,shopping,O
416,with,O
416,us.,O
417,Corner,B-Merchant
417,Market,I-Merchant
417,Purchase,O
417,Date,O
417,:,O
417,12/09/2023,B-Date
417,Item,O
417,Sundry,O
417,goods,O
417,x,O
417,1,O
417,Amount,O
417,Paid,O
417,:,O
417,$59.24,B-Total
417,Payment,O
417,Method,O
417,:,O
417,PayPal,B-PaymentMethod
417,Thank,O
417,you,O
417,for,O
417,shopping,O
417,with,O
417,us.,O
418,Lakeside,B-Merchant
418,Cafe,I-Merchant
418,Purchase,O
418,Date,O
418,:,O
418,2025-09-08,B-Date
418,Item,O
418,Sundry,O
418,goods,O
418,x,O
418,2,O
418,Amount,O
418,Paid,O
418,:,O
418,$34.06,B-Total
418,Payment,O
418,Method,O
418,:,O
418,Cash,B-PaymentMethod
418,Thank,O
418,you,O
418,for,O
418,shopping,O
418,with,O
418,us.,O
419,Blue,B-Merchant
419,Bottle,I-Merchant
419,Coffee,I-Merchant
419,Purchase,O
419,Date,O
419,:,O
419,2026-11-15,B-Date
419,Item,O
419,Sundry,O
419,goods,O
419,x,O
419,1,O
419,Amount,O
419,Paid,O
419,:,O
419,$182.83,B-Total
419,Payment,O
419,Method,O
419,:,O
419,PayPal,B-PaymentMethod
419,Thank,O
419,you,O
419,for,O
419,shopping,O
419,with,O
419,us.,O
420,Downtown,B-Merchant
420,Pharmacy,I-Merchant
420,Purchase,O
420,Date,O
420,:,O
420,01/31/2024,B-Date
420,Item,O
420,Sundry,O
420,goods,O
420,x,O
420,1,O
420,Amount,O
420,Paid,O
420,:,O
420,$255.84,B-Total
420,Payment,O
420,Method,O
420,:,O
420,Debit,B-PaymentMethod
420,Thank,O
420,you,O
420,for,O
420,shopping,O
420,with,O
420,us.,O
421,Union,B-Merchant
421,Hardware,I-Merchant
421,Purchase,O
421,Date,O
421,:,O
421,2026-04-06,B-Date
421,Item,O
421,Sundry,O
421,goods,O
421,x,O
421,5,O
421,Amount,O
421,Paid,O
421,:,O
421,$146.86,B-Total
421,Payment,O
421,Method,O
421,:,O
421,Cash,B-PaymentMethod
421,Thank,O
421,you,O
421,for,O
421,shopping,O
421,with,O
421,us.,O
422,Blue,B-Merchant
422,Bottle,I-Merchant
422,Coffee,I-Merchant
422,Purchase,O
422,Date,O
422,:,O
422,2026-05-02,B-Date
422,Item,O
422,Sundry,O
422,goods,O
422,x,O
422,5,O
422,Amount,O
422,Paid,O
422,:,O
422,$270.66,B-Total
422,Payment,O
422,Method,O
422,:,O
422,Debit,B-PaymentMethod
422,Thank,O
422,you,O
422,for,O
422,shopping,O
422,with,O
422,us.,O
423,Nightly,B-Merchant
423,Grill,I-Merchant
423,Purchase,O
423,Date,O
423,:,O
423,2025-11-17,B-Date
423,Item,O
423,Sundry,O
423,goods,O
423,x,O
423,3,O
423,Amount,O
423,Paid,O
423,:,O
423,$210.40,B-Total
423,Payment,O
423,Method,O
423,:,O
423,Amex,B-PaymentMethod
423,Thank,O
423,you,O
423,for,O
423,shopping,O
423,with,O
423,us.,O
424,Lakeside,B-Merchant
424,Cafe,I-Merchant
424,Purchase,O
424,Date,O
424,:,O
424,2024-05-10,B-Date
424,Item,O
424,Sundry,O
424,goods,O
424,x,O
424,2,O
424,Amount,O
424,Paid,O
424,:,O
424,$19.70,B-Total
424,Payment,O
424,Method,O
424,:,O
424,Amex,B-PaymentMethod
424,Thank,O
424,you,O
424,for,O
424,shopping,O
424,with,O
424,us.,O
425,Trailhead,B-Merchant
425,Sports,I-Merchant
425,Purchase,O
425,Date,O
425,:,O
425,2026-09-22,B-Date
425,Item,O
425,Sundry,O
425,goods,O
425,x,O
425,3,O
425,Amount,O
425,Paid,O
425,:,O
425,$237.73,B-Total
425,Payment,O
425,Method,O
425,:,O
425,Cash,B-PaymentMethod
425,Thank,O
425,you,O
425,for,O
425,shopping,O
425,with,O
425,us.,O
426,Union,B-Merchant
426,Hardware,I-Merchant
426,Purchase,O
426,Date,O
426,:,O
426,2025-02-19,B-Date
426,Item,O
426,Sundry,O
426,goods,O
426,x,O
426,4,O
426,Amount,O
426,Paid,O
426,:,O
426,$213.81,B-Total
426,Payment,O
426,Method,O
426,:,O
426,Cash,B-PaymentMethod
426,Thank,O
426,you,O
426,for,O
426,shopping,O
426,with,O
426,us.,O
427,Harbor,B-Merchant
427,Bookshop,I-Merchant
427,Purchase,O
427,Date,O
427,:,O
427,08/27/2024,B-Date
427,Item,O
427,Sundry,O
427,goods,O
427,x,O
427,4,O
427,Amount,O
427,Paid,O
427,:,O
427,$173.88,B-Total
427,Payment,O
427,Method,O
427,:,O
427,PayPal,B-PaymentMethod
427,Thank,O
427,you,O
427,for,O
427,shopping,O
427,with,O
427,us.,O
428,Sunset,B-Merchant
428,Cinema,I-Merchant
428,Purchase,O
428,Date,O
428,:,O
428,04/20/2024,B-Date
428,Item,O
428,Sundry,O
428,goods,O
428,x,O
428,2,O
428,Amount,O
428,Paid,O
428,:,O
428,$269.00,B-Total
428,Payment,O
428,Method,O
428,:,O
428,Mastercard,B-PaymentMethod
428,Thank,O
428,you,O
428,for,O
428,shopping,O
428,with,O
428,us.,O
429,Blue,B-Merchant
429,Bottle,I-Merchant
429,Coffee,I-Merchant
429,Purchase,O
429,Date,O
429,:,O
429,2026-01-17,B-Date
429,Item,O
429,Sundry,O
429,goods,O
429,x,O
429,1,O
429,Amount,O
429,Paid,O
429,:,O
429,$37.59,B-Total
429,Payment,O
429,Method,O
429,:,O
429,Debit,B-PaymentMethod
429,Thank,O
429,you,O
429,for,O
429,shopping,O
429,with,O
429,us.,O
430,Downtown,B-Merchant
430,Pharmacy,I-Merchant
430,Purchase,O
430,Date,O
430,:,O
430,2026-09-12,B-Date
430,Item,O
430,Sundry,O
430,goods,O
430,x,O
430,5,O
430,Amount,O
430,Paid,O
430,:,O
430,$61.54,B-Total
430,Payment,O
430,Method,O
430,:,O
430,Amex,B-PaymentMethod
430,Thank,O
430,you,O
430,for,O
430,shopping,O
430,with,O
430,us.,O
431,Union,B-Merchant
431,Hardware,I-Merchant
431,Purchase,O
431,Date,O
431,:,O
431,2023-08-27,B-Date
431,Item,O
431,Sundry,O
431,goods,O
431,x,O
431,4,O
431,Amount,O
431,Paid,O
431,:,O
431,$207.64,B-Total
431,Payment,O
431,Method,O
431,:,O
431,Debit,B-PaymentMethod
431,Thank,O
431,you,O
431,for,O
431,shopping,O
431,with,O
431,us.,O
432,Trailhead,B-Merchant
432,Sports,I-Merchant
432,Purchase,O
432,Date,O
432,:,O
432,2026-01-21,B-Date
432,Item,O
432,Sundry,O
432,goods,O
432,x,O
432,4,O
432,Amount,O
432,Paid,O
432,:,O
432,$224.76,B-Total
432,Payment,O
432,Method,O
432,:,O
432,Debit,B-PaymentMethod
432,Thank,O
432,you,O
432,for,O
432,shopping,O
432,with,O
432,us.,O
433,Sunset,B-Merchant
433,Cinema,I-Merchant
433,Purchase,O
433,Date,O
433,:,O
433,2025-01-03,B-Date
433,Item,O
433,Sundry,O
433,goods,O
433,x,O
433,4,O
433,Amount,O
433,Paid,O
433,:,O
433,$232.98,B-Total
433,Payment,O
433,Method,O
433,:,O
433,PayPal,B-PaymentMethod
433,Thank,O
433,you,O
433,for,O
433,shopping,O
433,with,O
433,us.,O
434,Trailhead,B-Merchant
434,Sports,I-Merchant
434,Purchase,O
434,Date,O
434,:,O
434,2024-02-15,B-Date
434,Item,O
434,Sundry,O
434,goods,O
434,x,O
434,4,O
434,Amount,O
434,Paid,O
434,:,O
434,$31.68,B-Total
434,Payment,O
434,Method,O
434,:,O
434,PayPal,B-PaymentMethod
434,Thank,O
434,you,O
434,for,O
434,shopping,O
434,with,O
434,us.,O
435,Blue,B-Merchant
435,Bottle,I-Merchant
435,Coffee,I-Merchant
435,Purchase,O
435,Date,O
435,:,O
435,10/03/2024,B-Date
435,Item,O
435,Sundry,O
435,goods,O
435,x,O
435,1,O
435,Amount,O
435,Paid,O
435,:,O
435,$150.72,B-Total
435,Payment,O
435,Method,O
435,:,O
435,Visa,B-PaymentMethod
435,Thank,O
435,you,O
435,for,O
435,shopping,O
435,with,O
435,us.,O
436,Sunset,B-Merchant
436,Cinema,I-Merchant
436,Purchase,O
436,Date,O
436,:,O
436,08/08/2026,B-Date
436,Item,O
436,Sundry,O
436,goods,O
436,x,O
436,4,O
436,Amount,O
436,Paid,O
436,:,O
436,$289.04,B-Total
436,Payment,O
436,Method,O
436,:,O
436,Cash,B-PaymentMethod
436,Thank,O
436,you,O
436,for,O
436,shopping,O
436,with,O
436,us.,O
437,Sunset,B-Merchant
437,Cinema,I-Merchant
437,Purchase,O
437,Date,O
437,:,O
437,06/12/2024,B-Date
437,Item,O
437,Sundry,O
437,goods,O
437,x,O
437,2,O
437,Amount,O
437,Paid,O
437,:,O
437,$283.03,B-Total
437,Payment,O
437,Method,O
437,:,O
437,Cash,B-PaymentMethod
437,Thank,O
437,you,O
437,for,O
437,shopping,O
437,with,O
437,us.,O
438,Green,B-Merchant
438,Leaf,I-Merchant
438,Grocery,I-Merchant
438,Purchase,O
438,Date,O
438,:,O
438,2026-11-23,B-Date
438,Item,O
438,Sundry,O
438,goods,O
438,x,O
438,3,O
438,Amount,O
438,Paid,O
438,:,O
438,$90.96,B-Total
438,Payment,O
438,Method,O
438,:,O
438,Cash,B-PaymentMethod
438,Thank,O
438,you,O
438,for,O
438,shopping,O
438,with,O
438,us.,O
439,Harbor,B-Merchant
439,Bookshop,I-Merchant
439,Purchase,O
439,Date,O
439,:,O
439,2025-04-07,B-Date
439,Item,O
439,Sundry,O
439,goods,O
439,x,O
439,4,O
439,Amount,O
439,Paid,O
439,:,O
439,$35.68,B-Total
439,Payment,O
439,Method,O
439,:,O
439,PayPal,B-PaymentMethod
439,Thank,O
439,you,O
439,for,O
439,shopping,O
439,with,O
439,us.,O
440,Grace,B-Account
440,Lindqvist,I-Account
440,Account,O
440,Summary,O
440,Statement,O
440,Period,O
440,:,O
440,March,B-Period
440,2023,I-Period
440,Opening,O
440,Balance,O
440,:,O
440,"$2,909.79",O
440,Closing,O
440,Balance,O
440,:,O
440,"$5,062.00",B-Balance
440,This,O
440,statement,O
440,is,O
440,generated,O
440,automatically,O
440,each,O
440,cycle.,O
441,Grace,B-Account
441,Lindqvist,I-Account
441,Account,O
441,Summary,O
441,Statement,O
441,Period,O
441,:,O
441,April,B-Period
441,2026,I-Period
441,Opening,O
441,Balance,O
441,:,O
441,"$7,840.60",O
441,Closing,O
441,Balance,O
441,:,O
441,"$7,710.92",B-Balance
441,This,O
441,statement,O
441,is,O
441,generated,O
441,automatically,O
441,each,O
441,cycle.,O
442,David,B-Account
442,Nakamura,I-Account
442,Account,O
442,Summary,O
442,Statement,O
442,Period,O
442,:,O
442,September,B-Period
442,2023,I-Period
442,Opening,O
442,Balance,O
442,:,O
442,"$1,035.28",O
442,Closing,O
442,Balance,O
442,:,O
442,"$4,095.65",B-Balance
442,This,O
442,statement,O
442,is,O
442,generated,O
442,automatically,O
442,each,O
442,cycle.,O
443,Nadia,B-Account
443,Kowalski,I-Account
443,Account,O
443,Summary,O
443,Statement,O
443,Period,O
443,:,O
443,October,B-Period
443,2024,I-Period
443,Opening,O
443,Balance,O
443,:,O
443,$343.14,O
443,Closing,O
443,Balance,O
443,:,O
443,"$2,716.09",B-Balance
443,This,O
443,statement,O
443,is,O
443,generated,O
443,automatically,O
443,each,O
443,cycle.,O
444,Aisha,B-Account
444,Rahman,I-Account
444,Account,O
444,Summary,O
444,Statement,O
444,Period,O
444,:,O
444,December,B-Period
444,2026,I-Period
444,Opening,O
444,Balance,O
444,:,O
444,"$1,723.70",O
444,Closing,O
444,Balance,O
444,:,O
444,"$6,332.60",B-Balance
444,This,O
444,statement,O
444,is,O
444,generated,O
444,automatically,O
444,each,O
444,cycle.,O
445,Aisha,B-Account
445,Rahman,I-Account
445,Account,O
445,Summary,O
445,Statement,O
445,Period,O
445,:,O
445,September,B-Period
445,2026,I-Period
445,Opening,O
445,Balance,O
445,:,O
445,"$2,174.11",O
445,Closing,O
445,Balance,O
445,:,O
445,"$8,088.48",B-Balance
445,This,O
445,statement,O
445,is,O
445,generated,O
445,automatically,O
445,each,O
445,cycle.,O
446,David,B-Account
446,Nakamura,I-Account
446,Account,O
446,Summary,O
446,Statement,O
446,Period,O
446,:,O
446,December,B-Period
446,2026,I-Period
446,Opening,O
446,Balance,O
446,:,O
446,"$9,937.13",O
446,Closing,O
446,Balance,O
446,:,O
446,"$13,921.69",B-Balance
446,This,O
446,statement,O
446,is,O
446,generated,O
446,automatically,O
446,each,O
446,cycle.,O
447,Mei,B-Account
447,Lin,I-Account
447,Account,O
447,Summary,O
447,Statement,O
447,Period,O
447,:,O
447,June,B-Period
447,2025,I-Period
447,Opening,O
447,Balance,O
447,:,O
447,"$7,855.33",O
447,Closing,O
447,Balance,O
447,:,O
447,"$4,646.67",B-Balance
447,This,O
447,statement,O
447,is,O
447,generated,O
447,automatically,O
447,each,O
447,cycle.,O
448,Ethan,B-Account
448,Brooks,I-Account
448,Account,O
448,Summary,O
448,Statement,O
448,Period,O
448,:,O
448,February,B-Period
448,2025,I-Period
448,Opening,O
448,Balance,O
448,:,O
448,$261.66,O
448,Closing,O
448,Balance,O
448,:,O
448,"$1,177.80",B-Balance
448,This,O
448,statement,O
448,is,O
448,generated,O
448,automatically,O
448,each,O
448,cycle.,O
449,Aisha,B-Account
449,Rahman,I-Account
449,Account,O
449,Summary,O
449,Statement,O
449,Period,O
449,:,O
449,August,B-Period
449,2025,I-Period
449,Opening,O
449,Balance,O
449,:,O
449,"$8,397.29",O
449,Closing,O
449,Balance,O
449,:,O
449,"$5,272.12",B-Balance
449,This,O
449,statement,O
449,is,O
449,generated,O
449,automatically,O
449,each,O
449,cycle.,O
450,Marcus,B-Account
450,Chen,I-Account
450,Account,O
450,Summary,O
450,Statement,O
450,Period,O
450,:,O
450,October,B-Period
450,2024,I-Period
450,Opening,O
450,Balance,O
450,:,O
450,"$10,176.17",O
450,Closing,O
450,Balance,O
450,:,O
450,"$9,314.27",B-Balance
450,This,O
450,statement,O
450,is,O
450,generated,O
450,automatically,O
450,each,O
450,cycle.,O
451,Ethan,B-Account
451,Brooks,I-Account
451,Account,O
451,Summary,O
451,Statement,O
451,Period,O
451,:,O
451,October,B-Period
451,2025,I-Period
451,Opening,O
451,Balance,O
451,:,O
451,"$10,772.51",O
451,Closing,O
451,Balance,O
451,:,O
451,"$13,923.75",B-Balance
451,This,O
451,statement,O
451,is,O
451,generated,O
451,automatically,O
451,each,O
451,cycle.,O
452,David,B-Account
452,Nakamura,I-Account
452,Account,O
452,Summary,O
452,Statement,O
452,Period,O
452,:,O
452,January,B-Period
452,2025,I-Period
452,Opening,O
452,Balance,O
452,:,O
452,"$3,101.17",O
452,Closing,O
452,Balance,O
452,:,O
452,"$5,954.63",B-Balance
452,This,O
452,statement,O
452,is,O
452,generated,O
452,automatically,O
452,each,O
452,cycle.,O
453,Elena,B-Account
453,Torres,I-Account
453,Account,O
453,Summary,O
453,Statement,O
453,Period,O
453,:,O
453,November,B-Period
453,2023,I-Period
453,Opening,O
453,Balance,O
453,:,O
453,$397.52,O
453,Closing,O
453,Balance,O
453,:,O
453,"$13,127.41",B-Balance
453,This,O
453,statement,O
453,is,O
453,generated,O
453,automatically,O
453,each,O
453,cycle.,O
454,Grace,B-Account
454,Lindqvist,I-Account
454,Account,O
454,Summary,O
454,Statement,O
454,Period,O
454,:,O
454,March,B-Period
454,2026,I-Period
454,Opening,O
454,Balance,O
454,:,O
454,"$3,174.40",O
454,Closing,O
454,Balance,O
454,:,O
454,"$3,505.00",B-Balance
454,This,O
454,statement,O
454,is,O
454,generated,O
454,automatically,O
454,each,O
454,cycle.,O
455,Nadia,B-Account
455,Kowalski,I-Account
455,Account,O
455,Summary,O
455,Statement,O
455,Period,O
455,:,O
455,August,B-Period
455,2026,I-Period
455,Opening,O
455,Balance,O
455,:,O
455,"$5,439.11",O
455,Closing,O
455,Balance,O
455,:,O
455,"$11,487.25",B-Balance
455,This,O
455,statement,O
455,is,O
455,generated,O
455,automatically,O
455,each,O
455,cycle.,O
456,David,B-Account
456,Nakamura,I-Account
456,Account,O
456,Summary,O
456,Statement,O
456,Period,O
456,:,O
456,February,B-Period
456,2025,I-Period
456,Opening,O
456,Balance,O
456,:,O
456,"$9,513.83",O
456,Closing,O
456,Balance,O
456,:,O
456,"$14,721.21",B-Balance
456,This,O
456,statement,O
456,is,O
456,generated,O
456,automatically,O
456,each,O
456,cycle.,O
457,Elena,B-Account
457,Torres,I-Account
457,Account,O
457,Summary,O
457,Statement,O
457,Period,O
457,:,O
457,December,B-Period
457,2023,I-Period
457,Opening,O
457,Balance,O
457,:,O
457,"$4,574.76",O
457,Closing,O
457,Balance,O
457,:,O
457,"$10,661.27",B-Balance
457,This,O
457,statement,O
457,is,O
457,generated,O
457,automatically,O
457,each,O
457,cycle.,O
458,Ethan,B-Account
458,Brooks,I-Account
458,Account,O
458,Summary,O
458,Statement,O
458,Period,O
458,:,O
458,September,B-Period
458,2024,I-Period
458,Opening,O
458,Balance,O
458,:,O
458,$334.43,O
458,Closing,O
458,Balance,O
458,:,O
458,"$2,126.44",B-Balance
458,This,O
458,statement,O
458,is,O
458,generated,O
458,automatically,O
458,each,O
458,cycle.,O
459,Elena,B-Account
459,Torres,I-Account
459,Account,O
459,Summary,O
459,Statement,O
459,Period,O
459,:,O
459,February,B-Period
459,2024,I-Period
459,Opening,O
459,Balance,O
459,:,O
459,"$10,705.65",O
459,Closing,O
459,Balance,O
459,:,O
459,"$12,933.09",B-Balance
459,This,O
459,statement,O
459,is,O
459,generated,O
459,automatically,O
459,each,O
459,cycle.,O
460,Lucas,B-Account
460,Ferreira,I-Account
460,Account,O
460,Summary,O
460,Statement,O
460,Period,O
460,:,O
460,September,B-Period
460,2023,I-Period
460,Opening,O
460,Balance,O
460,:,O
460,"$4,315.72",O
460,Closing,O
460,Balance,O
460,:,O
460,"$3,080.50",B-Balance
460,This,O
460,statement,O
460,is,O
460,generated,O
460,automatically,O
460,each,O
460,cycle.,O
461,Lucas,B-Account
461,Ferreira,I-Account
461,Account,O
461,Summary,O
461,Statement,O
461,Period,O
461,:,O
461,December,B-Period
461,2026,I-Period
461,Opening,O
461,Balance,O
461,:,O
461,"$5,372.35",O
461,Closing,O
461,Balance,O
461,:,O
461,"$14,796.95",B-Balance
461,This,O
461,statement,O
461,is,O
461,generated,O
461,automatically,O
461,each,O
461,cycle.,O
462,Marcus,B-Account
462,Chen,I-Account
462,Account,O
462,Summary,O
462,Statement,O
462,Period,O
462,:,O
462,October,B-Period
462,2024,I-Period
462,Opening,O
462,Balance,O
462,:,O
462,"$3,619.50",O
462,Closing,O
462,Balance,O
462,:,O
462,"$14,955.63",B-Balance
462,This,O
462,statement,O
462,is,O
462,generated,O
462,automatically,O
462,each,O
462,cycle.,O
463,Mei,B-Account
463,Lin,I-Account
463,Account,O
463,Summary,O
463,Statement,O
463,Period,O
463,:,O
463,December,B-Period
463,2025,I-Period
463,Opening,O
463,Balance,O
463,:,O
463,"$5,634.49",O
463,Closing,O
463,Balance,O
463,:,O
463,"$5,971.70",B-Balance
463,This,O
463,statement,O
463,is,O
463,generated,O
463,automatically,O
463,each,O
463,cycle.,O
464,Marcus,B-Account
464,Chen,I-Account
464,Account,O
464,Summary,O
464,Statement,O
464,Period,O
464,:,O
464,June,B-Period
464,2025,I-Period
464,Opening,O
464,Balance,O
464,:,O
464,"$9,221.73",O
464,Closing,O
464,Balance,O
464,:,O
464,$482.16,B-Balance
464,This,O
464,statement,O
464,is,O
464,generated,O
464,automatically,O
464,each,O
464,cycle.,O
465,Elena,B-Account
465,Torres,I-Account
465,Account,O
465,Summary,O
465,Statement,O
465,Period,O
465,:,O
465,December,B-Period
465,2025,I-Period
465,Opening,O
465,Balance,O
465,:,O
465,"$1,924.32",O
465,Closing,O
465,Balance,O
465,:,O
465,"$12,640.84",B-Balance
465,This,O
465,statement,O
465,is,O
465,generated,O
465,automatically,O
465,each,O
465,cycle.,O
466,Aisha,B-Account
466,Rahman,I-Account
466,Account,O
466,Summary,O
466,Statement,O
466,Period,O
466,:,O
466,March,B-Period
466,2025,I-Period
466,Opening,O
466,Balance,O
466,:,O
466,"$5,714.12",O
466,Closing,O
466,Balance,O
466,:,O
466,"$14,062.08",B-Balance
466,This,O
466,statement,O
466,is,O
466,generated,O
466,automatically,O
466,each,O
466,cycle.,O
467,Aisha,B-Account
467,Rahman,I-Account
467,Account,O
467,Summary,O
467,Statement,O
467,Period,O
467,:,O
467,September,B-Period
467,2023,I-Period
467,Opening,O
467,Balance,O
467,:,O
467,"$11,494.30",O
467,Closing,O
467,Balance,O
467,:,O
467,"$9,001.42",B-Balance
467,This,O
467,statement,O
467,is,O
467,generated,O
467,automatically,O
467,each,O
467,cycle.,O
468,Grace,B-Account
468,Lindqvist,I-Account
468,Account,O
468,Summary,O
468,Statement,O
468,Period,O
468,:,O
468,November,B-Period
468,2025,I-Period
468,Opening,O
468,Balance,O
468,:,O
468,"$3,221.31",O
468,Closing,O
468,Balance,O
468,:,O
468,"$6,275.73",B-Balance
468,This,O
468,statement,O
468,is,O
468,generated,O
468,automatically,O
468,each,O
468,cycle.,O
469,Ethan,B-Account
469,Brooks,I-Account
469,Account,O
469,Summary,O
469,Statement,O
469,Period,O
469,:,O
469,May,B-Period
469,2026,I-Period
469,Opening,O
469,Balance,O
469,:,O
469,"$10,231.39",O
469,Closing,O
469,Balance,O
469,:,O
469,"$11,863.69",B-Balance
469,This,O
469,statement,O
469,is,O
469,generated,O
469,automatically,O
469,each,O
469,cycle.,O
470,Priya,B-Account
470,Anand,I-Account
470,Account,O
470,Summary,O
470,Statement,O
470,Period,O
470,:,O
470,May,B-Period
470,2023,I-Period
470,Opening,O
470,Balance,O
470,:,O
470,"$10,460.38",O
470,Closing,O
470,Balance,O
470,:,O
470,"$3,756.43",B-Balance
470,This,O
470,statement,O
470,is,O
470,generated,O
470,automatically,O
470,each,O
470,cycle.,O
471,Elena,B-Account
471,Torres,I-Account
471,Account,O
471,Summary,O
471,Statement,O
471,Period,O
471,:,O
471,April,B-Period
471,2026,I-Period
471,Opening,O
471,Balance,O
471,:,O
471,"$10,507.04",O
471,Closing,O
471,Balance,O
471,:,O
471,"$5,634.03",B-Balance
471,This,O
471,statement,O
471,is,O
471,generated,O
471,automatically,O
471,each,O
471,cycle.,O
472,Elena,B-Account
472,Torres,I-Account
472,Account,O
472,Summary,O
472,Statement,O
472,Period,O
472,:,O
472,May,B-Period
472,2023,I-Period
472,Opening,O
472,Balance,O
472,:,O
472,"$2,733.48",O
472,Closing,O
472,Balance,O
472,:,O
472,"$8,583.93",B-Balance
472,This,O
472,statement,O
472,is,O
472,generated,O
472,automatically,O
472,each,O
472,cycle.,O
473,Grace,B-Account
473,Lindqvist,I-Account
473,Account,O
473,Summary,O
473,Statement,O
473,Period,O
473,:,O
473,May,B-Period
473,2024,I-Period
473,Opening,O
473,Balance,O
473,:,O
473,"$3,194.84",O
473,Closing,O
473,Balance,O
473,:,O
473,"$4,146.44",B-Balance
473,This,O
473,statement,O
473,is,O
473,generated,O
473,automatically,O
473,each,O
473,cycle.,O
474,Samuel,B-Account
474,Okafor,I-Account
474,Account,O
474,Summary,O
474,Statement,O
474,Period,O
474,:,O
474,July,B-Period
474,2023,I-Period
474,Opening,O
474,Balance,O
474,:,O
474,"$2,180.10",O
474,Closing,O
474,Balance,O
474,:,O
474,"$11,749.61",B-Balance
474,This,O
474,statement,O
474,is,O
474,generated,O
474,automatically,O
474,each,O
474,cycle.,O
475,Priya,B-Account
475,Anand,I-Account
475,Account,O
475,Summary,O
475,Statement,O
475,Period,O
475,:,O
475,March,B-Period
475,2024,I-Period
475,Opening,O
475,Balance,O
475,:,O
475,"$1,742.48",O
475,Closing,O
475,Balance,O
475,:,O
475,"$9,698.97",B-Balance
475,This,O
475,statement,O
475,is,O
475,generated,O
475,automatically,O
475,each,O
475,cycle.,O
476,Mei,B-Account
476,Lin,I-Account
476,Account,O
476,Summary,O
476,Statement,O
476,Period,O
476,:,O
476,May,B-Period
476,2026,I-Period
476,Opening,O
476,Balance,O
476,:,O
476,"$10,721.04",O
476,Closing,O
476,Balance,O
476,:,O
476,"$8,344.57",B-Balance
476,This,O
476,statement,O
476,is,O
476,generated,O
476,automatically,O
476,each,O
476,cycle.,O
477,David,B-Account
477,Nakamura,I-Account
477,Account,O
477,Summary,O
477,Statement,O
477,Period,O
477,:,O
477,November,B-Period
477,2026,I-Period
477,Opening,O
477,Balance,O
477,:,O
477,"$10,015.36",O
477,Closing,O
477,Balance,O
477,:,O
477,"$1,989.46",B-Balance
477,This,O
477,statement,O
477,is,O
477,generated,O
477,automatically,O
477,each,O
477,cycle.,O
478,Aisha,B-Account
478,Rahman,I-Account
478,Account,O
478,Summary,O
478,Statement,O
478,Period,O
478,:,O
478,July,B-Period
478,2025,I-Period
478,Opening,O
478,Balance,O
478,:,O
478,"$5,716.57",O
478,Closing,O
478,Balance,O
478,:,O
478,"$2,567.65",B-Balance
478,This,O
478,statement,O
478,is,O
478,generated,O
478,automatically,O
478,each,O
478,cycle.,O
479,Lucas,B-Account
479,Ferreira,I-Account
479,Account,O
479,Summary,O
479,Statement,O
479,Period,O
479,:,O
479,May,B-Period
479,2025,I-Period
479,Opening,O
479,Balance,O
479,:,O
479,"$9,689.16",O
479,Closing,O
479,Balance,O
479,:,O
479,"$12,002.30",B-Balance
479,This,O
479,statement,O
479,is,O
479,generated,O
479,automatically,O
479,each,O
479,cycle.,O
480,Marcus,B-Account
480,Chen,I-Account
480,Account,O
480,Summary,O
480,Statement,O
480,Period,O
480,:,O
480,March,B-Period
480,2026,I-Period
480,Opening,O
480,Balance,O
480,:,O
480,"$8,057.38",O
480,Closing,O
480,Balance,O
480,:,O
480,"$8,612.72",B-Balance
480,This,O
480,statement,O
480,is,O
480,generated,O
480,automatically,O
480,each,O
480,cycle.,O
481,Nadia,B-Account
481,Kowalski,I-Account
481,Account,O
481,Summary,O
481,Statement,O
481,Period,O
481,:,O
481,July,B-Period
481,2026,I-Period
481,Opening,O
481,Balance,O
481,:,O
481,"$11,043.69",O
481,Closing,O
481,Balance,O
481,:,O
481,"$6,200.93",B-Balance
481,This,O
481,statement,O
481,is,O
481,generated,O
481,automatically,O
481,each,O
481,cycle.,O
482,Mei,B-Account
482,Lin,I-Account
482,Account,O
482,Summary,O
482,Statement,O
482,Period,O
482,:,O
482,November,B-Period
482,2024,I-Period
482,Opening,O
482,Balance,O
482,:,O
482,"$6,385.66",O
482,Closing,O
482,Balance,O
482,:,O
482,"$5,823.13",B-Balance
482,This,O
482,statement,O
482,is,O
482,generated,O
482,automatically,O
482,each,O
482,cycle.,O
483,Nadia,B-Account
483,Kowalski,I-Account
483,Account,O
483,Summary,O
483,Statement,O
483,Period,O
483,:,O
483,November,B-Period
483,2023,I-Period
483,Opening,O
483,Balance,O
483,:,O
483,"$10,702.12",O
483,Closing,O
483,Balance,O
483,:,O
483,"$11,438.74",B-Balance
483,This,O
483,statement,O
483,is,O
483,generated,O
483,automatically,O
483,each,O
483,cycle.,O
484,Nadia,B-Account
484,Kowalski,I-Account
484,Account,O
484,Summary,O
484,Statement,O
484,Period,O
484,:,O
484,February,B-Period
484,2023,I-Period
484,Opening,O
484,Balance,O
484,:,O
484,$534.60,O
484,Closing,O
484,Balance,O
484,:,O
484,"$10,473.72",B-Balance
484,This,O
484,statement,O
484,is,O
484,generated,O
484,automatically,O
484,each,O
484,cycle.,O
485,Lucas,B-Account
485,Ferreira,I-Account
485,Account,O
485,Summary,O
485,Statement,O
485,Period,O
485,:,O
485,September,B-Period
485,2026,I-Period
485,Opening,O
485,Balance,O
485,:,O
485,"$3,303.23",O
485,Closing,O
485,Balance,O
485,:,O
485,"$7,291.39",B-Balance
485,This,O
485,statement,O
485,is,O
485,generated,O
485,automatically,O
485,each,O
485,cycle.,O
486,Grace,B-Account
486,Lindqvist,I-Account
486,Account,O
486,Summary,O
486,Statement,O
486,Period,O
486,:,O
486,January,B-Period
486,2023,I-Period
486,Opening,O
486,Balance,O
486,:,O
486,"$6,210.58",O
486,Closing,O
486,Balance,O
486,:,O
486,"$5,199.33",B-Balance
486,This,O
486,statement,O
486,is,O
486,generated,O
486,automatically,O
486,each,O
486,cycle.,O
487,Nadia,B-Account
487,Kowalski,I-Account
487,Account,O
487,Summary,O
487,Statement,O
487,Period,O
487,:,O
487,June,B-Period
487,2023,I-Period
487,Opening,O
487,Balance,O
487,:,O
487,"$4,827.10",O
487,Closing,O
487,Balance,O
487,:,O
487,"$9,183.57",B-Balance
487,This,O
487,statement,O
487,is,O
487,generated,O
487,automatically,O
487,each,O
487,cycle.,O
488,Lucas,B-Account
488,Ferreira,I-Account
488,Account,O
488,Summary,O
488,Statement,O
488,Period,O
488,:,O
488,October,B-Period
488,2023,I-Period
488,Opening,O
488,Balance,O
488,:,O
488,"$3,088.70",O
488,Closing,O
488,Balance,O
488,:,O
488,"$10,881.59",B-Balance
488,This,O
488,statement,O
488,is,O
488,generated,O
488,automatically,O
488,each,O
488,cycle.,O
489,Aisha,B-Account
489,Rahman,I-Account
489,Account,O
489,Summary,O
489,Statement,O
489,Period,O
489,:,O
489,June,B-Period
489,2023,I-Period
489,Opening,O
489,Balance,O
489,:,O
489,"$11,234.24",O
489,Closing,O
489,Balance,O
489,:,O
489,"$13,223.40",B-Balance
489,This,O
489,statement,O
489,is,O
489,generated,O
489,automatically,O
489,each,O
489,cycle.,O
490,Jordan,B-Account
490,Whitfield,I-Account
490,Account,O
490,Summary,O
490,Statement,O
490,Period,O
490,:,O
490,August,B-Period
490,2023,I-Period
490,Opening,O
490,Balance,O
490,:,O
490,"$7,309.28",O
490,Closing,O
490,Balance,O
490,:,O
490,"$10,653.16",B-Balance
490,This,O
490,statement,O
490,is,O
490,generated,O
490,automatically,O
490,each,O
490,cycle.,O
491,Mei,B-Account
491,Lin,I-Account
491,Account,O
491,Summary,O
491,Statement,O
491,Period,O
491,:,O
491,November,B-Period
491,2024,I-Period
491,Opening,O
491,Balance,O
491,:,O
491,"$5,927.04",O
491,Closing,O
491,Balance,O
491,:,O
491,"$5,463.04",B-Balance
491,This,O
491,statement,O
491,is,O
491,generated,O
491,automatically,O
491,each,O
491,cycle.,O
492,Lucas,B-Account
492,Ferreira,I-Account
492,Account,O
492,Summary,O
492,Statement,O
492,Period,O
492,:,O
492,March,B-Period
492,2025,I-Period
492,Opening,O
492,Balance,O
492,:,O
492,$471.43,O
492,Closing,O
492,Balance,O
492,:,O
492,"$7,713.09",B-Balance
492,This,O
492,statement,O
492,is,O
492,generated,O
492,automatically,O
492,each,O
492,cycle.,O
493,Grace,B-Account
493,Lindqvist,I-Account
493,Account,O
493,Summary,O
493,Statement,O
493,Period,O
493,:,O
493,July,B-Period
493,2024,I-Period
493,Opening,O
493,Balance,O
493,:,O
493,"$7,646.54",O
493,Closing,O
493,Balance,O
493,:,O
493,"$4,409.95",B-Balance
493,This,O
493,statement,O
493,is,O
493,generated,O
493,automatically,O
493,each,O
493,cycle.,O
494,Marcus,B-Account
494,Chen,I-Account
494,Account,O
494,Summary,O
494,Statement,O
494,Period,O
494,:,O
494,October,B-Period
494,2025,I-Period
494,Opening,O
494,Balance,O
494,:,O
494,"$7,405.43",O
494,Closing,O
494,Balance,O
494,:,O
494,"$10,026.40",B-Balance
494,This,O
494,statement,O
494,is,O
494,generated,O
494,automatically,O
494,each,O
494,cycle.,O
495,Aisha,B-Account
495,Rahman,I-Account
495,Account,O
495,Summary,O
495,Statement,O
495,Period,O
495,:,O
495,March,B-Period
495,2024,I-Period
495,Opening,O
495,Balance,O
495,:,O
495,"$10,145.97",O
495,Closing,O
495,Balance,O
495,:,O
495,"$5,769.18",B-Balance
495,This,O
495,statement,O
495,is,O
495,generated,O
495,automatically,O
495,each,O
495,cycle.,O
496,Marcus,B-Account
496,Chen,I-Account
496,Account,O
496,Summary,O
496,Statement,O
496,Period,O
496,:,O
496,December,B-Period
496,2024,I-Period
496,Opening,O
496,Balance,O
496,:,O
496,"$11,541.38",O
496,Closing,O
496,Balance,O
496,:,O
496,$356.52,B-Balance
496,This,O
496,statement,O
496,is,O
496,generated,O
496,automatically,O
496,each,O
496,cycle.,O
497,Marcus,B-Account
497,Chen,I-Account
497,Account,O
497,Summary,O
497,Statement,O
497,Period,O
497,:,O
497,February,B-Period
497,2026,I-Period
497,Opening,O
497,Balance,O
497,:,O
497,"$9,821.32",O
497,Closing,O
497,Balance,O
497,:,O
497,"$9,192.39",B-Balance
497,This,O
497,statement,O
497,is,O
497,generated,O
497,automatically,O
497,each,O
497,cycle.,O
498,David,B-Account
498,Nakamura,I-Account
498,Account,O
498,Summary,O
498,Statement,O
498,Period,O
498,:,O
498,August,B-Period
498,2026,I-Period
498,Opening,O
498,Balance,O
498,:,O
498,"$5,385.16",O
498,Closing,O
498,Balance,O
498,:,O
498,"$3,801.51",B-Balance
498,This,O
498,statement,O
498,is,O
498,generated,O
498,automatically,O
498,each,O
498,cycle.,O
499,Ethan,B-Account
499,Brooks,I-Account
499,Account,O
499,Summary,O
499,Statement,O
499,Period,O
499,:,O
499,August,B-Period
499,2025,I-Period
499,Opening,O
499,Balance,O
499,:,O
499,"$8,606.34",O
499,Closing,O
499,Balance,O
499,:,O
499,"$3,391.34",B-Balance
499,This,O
499,statement,O
499,is,O
499,generated,O
499,automatically,O
499,each,O
499,cycle.,O
500,Priya,B-Account
500,Anand,I-Account
500,Account,O
500,Summary,O
500,Statement,O
500,Period,O
500,:,O
500,April,B-Period
500,2025,I-Period
500,Opening,O
500,Balance,O
500,:,O
500,"$5,147.71",O
500,Closing,O
500,Balance,O
500,:,O
500,"$12,102.40",B-Balance
500,This,O
500,statement,O
500,is,O
500,generated,O
500,automatically,O
500,each,O
500,cycle.,O
501,Lucas,B-Account
501,Ferreira,I-Account
501,Account,O
501,Summary,O
501,Statement,O
501,Period,O
501,:,O
501,April,B-Period
501,2026,I-Period
501,Opening,O
501,Balance,O
501,:,O
501,"$9,103.33",O
501,Closing,O
501,Balance,O
501,:,O
501,"$9,544.25",B-Balance
501,This,O
501,statement,O
501,is,O
501,generated,O
501,automatically,O
501,each,O
501,cycle.,O
502,Aisha,B-Account
502,Rahman,I-Account
502,Account,O
502,Summary,O
502,Statement,O
502,Period,O
502,:,O
502,January,B-Period
502,2023,I-Period
502,Opening,O
502,Balance,O
502,:,O
502,"$11,323.07",O
502,Closing,O
502,Balance,O
502,:,O
502,"$10,730.00",B-Balance
502,This,O
502,statement,O
502,is,O
502,generated,O
502,automatically,O
502,each,O
502,cycle.,O
503,Priya,B-Account
503,Anand,I-Account
503,Account,O
503,Summary,O
503,Statement,O
503,Period,O
503,:,O
503,April,B-Period
503,2025,I-Period
503,Opening,O
503,Balance,O
503,:,O
503,$804.19,O
503,Closing,O
503,Balance,O
503,:,O
503,"$13,710.09",B-Balance
503,This,O
503,statement,O
503,is,O
503,generated,O
503,automatically,O
503,each,O
503,cycle.,O
504,Samuel,B-Account
504,Okafor,I-Account
504,Account,O
504,Summary,O
504,Statement,O
504,Period,O
504,:,O
504,November,B-Period
504,2024,I-Period
504,Opening,O
504,Balance,O
504,:,O
504,"$5,210.73",O
504,Closing,O
504,Balance,O
504,:,O
504,"$9,507.24",B-Balance
504,This,O
504,statement,O
504,is,O
504,generated,O
504,automatically,O
504,each,O
504,cycle.,O
505,Ethan,B-Account
505,Brooks,I-Account
505,Account,O
505,Summary,O
505,Statement,O
505,Period,O
505,:,O
505,July,B-Period
505,2025,I-Period
505,Opening,O
505,Balance,O
505,:,O
505,"$8,044.99",O
505,Closing,O
505,Balance,O
505,:,O
505,"$3,809.97",B-Balance
505,This,O
505,statement,O
505,is,O
505,generated,O
505,automatically,O
505,each,O
505,cycle.,O
506,Jordan,B-Account
506,Whitfield,I-Account
506,Account,O
506,Summary,O
506,Statement,O
506,Period,O
506,:,O
506,September,B-Period
506,2026,I-Period
506,Opening,O
506,Balance,O
506,:,O
506,$125.07,O
506,Closing,O
506,Balance,O
506,:,O
506,"$4,049.11",B-Balance
506,This,O
506,statement,O
506,is,O
506,generated,O
506,automatically,O
506,each,O
506,cycle.,O
507,David,B-Account
507,Nakamura,I-Account
507,Account,O
507,Summary,O
507,Statement,O
507,Period,O
507,:,O
507,March,B-Period
507,2023,I-Period
507,Opening,O
507,Balance,O
507,:,O
507,"$2,626.07",O
507,Closing,O
507,Balance,O
507,:,O
507,"$12,539.88",B-Balance
507,This,O
507,statement,O
507,is,O
507,generated,O
507,automatically,O
507,each,O
507,cycle.,O
508,Ethan,B-Account
508,Brooks,I-Account
508,Account,O
508,Summary,O
508,Statement,O
508,Period,O
508,:,O
508,January,B-Period
508,2024,I-Period
508,Opening,O
508,Balance,O
508,:,O
508,"$7,076.66",O
508,Closing,O
508,Balance,O
508,:,O
508,"$7,883.76",B-Balance
508,This,O
508,statement,O
508,is,O
508,generated,O
508,automatically,O
508,each,O
508,cycle.,O
509,Marcus,B-Account
509,Chen,I-Account
509,Account,O
509,Summary,O
509,Statement,O
509,Period,O
509,:,O
509,November,B-Period
509,2026,I-Period
509,Opening,O
509,Balance,O
509,:,O
509,"$11,628.01",O
509,Closing,O
509,Balance,O
509,:,O
509,"$12,850.39",B-Balance
509,This,O
509,statement,O
509,is,O
509,generated,O
509,automatically,O
509,each,O
509,cycle.,O
510,Aisha,B-Account
510,Rahman,I-Account
510,Account,O
510,Summary,O
510,Statement,O
510,Period,O
510,:,O
510,November,B-Period
510,2024,I-Period
510,Opening,O
510,Balance,O
510,:,O
510,"$11,473.79",O
510,Closing,O
510,Balance,O
510,:,O
510,"$2,299.81",B-Balance
510,This,O
510,statement,O
510,is,O
510,generated,O
510,automatically,O
510,each,O
510,cycle.,O
511,Grace,B-Account
511,Lindqvist,I-Account
511,Account,O
511,Summary,O
511,Statement,O
511,Period,O
511,:,O
511,September,B-Period
511,2023,I-Period
511,Opening,O
511,Balance,O
511,:,O
511,"$3,247.15",O
511,Closing,O
511,Balance,O
511,:,O
511,"$9,407.37",B-Balance
511,This,O
511,statement,O
511,is,O
511,generated,O
511,automatically,O
511,each,O
511,cycle.,O
512,Priya,B-Account
512,Anand,I-Account
512,Account,O
512,Summary,O
512,Statement,O
512,Period,O
512,:,O
512,October,B-Period
512,2024,I-Period
512,Opening,O
512,Balance,O
512,:,O
512,"$2,714.43",O
512,Closing,O
512,Balance,O
512,:,O
512,"$6,427.61",B-Balance
512,This,O
512,statement,O
512,is,O
512,generated,O
512,automatically,O
512,each,O
512,cycle.,O
513,Marcus,B-Account
513,Chen,I-Account
513,Account,O
513,Summary,O
513,Statement,O
513,Period,O
513,:,O
513,March,B-Period
513,2026,I-Period
513,Opening,O
513,Balance,O
513,:,O
513,"$7,606.77",O
513,Closing,O
513,Balance,O
513,:,O
513,"$9,367.46",B-Balance
513,This,O
513,statement,O
513,is,O
513,generated,O
513,automatically,O
513,each,O
513,cycle.,O
514,Elena,B-Account
514,Torres,I-Account
514,Account,O
514,Summary,O
514,Statement,O
514,Period,O
514,:,O
514,April,B-Period
514,2025,I-Period
514,Opening,O
514,Balance,O
514,:,O
514,"$9,198.74",O
514,Closing,O
514,Balance,O
514,:,O
514,"$12,888.59",B-Balance
514,This,O
514,statement,O
514,is,O
514,generated,O
514,automatically,O
514,each,O
514,cycle.,O
515,Marcus,B-Account
515,Chen,I-Account
515,Account,O
515,Summary,O
515,Statement,O
515,Period,O
515,:,O
515,October,B-Period
515,2025,I-Period
515,Opening,O
515,Balance,O
515,:,O
515,"$6,758.44",O
515,Closing,O
515,Balance,O
515,:,O
515,"$14,957.65",B-Balance
515,This,O
515,statement,O
515,is,O
515,generated,O
515,automatically,O
515,each,O
515,cycle.,O
516,Mei,B-Account
516,Lin,I-Account
516,Account,O
516,Summary,O
516,Statement,O
516,Period,O
516,:,O
516,March,B-Period
516,2024,I-Period
516,Opening,O
516,Balance,O
516,:,O
516,"$6,203.97",O
516,Closing,O
516,Balance,O
516,:,O
516,"$4,451.99",B-Balance
516,This,O
516,statement,O
516,is,O
516,generated,O
516,automatically,O
516,each,O
516,cycle.,O
517,Aisha,B-Account
517,Rahman,I-Account
517,Account,O
517,Summary,O
517,Statement,O
517,Period,O
517,:,O
517,July,B-Period
517,2024,I-Period
517,Opening,O
517,Balance,O
517,:,O
517,"$11,064.38",O
517,Closing,O
517,Balance,O
517,:,O
517,"$8,540.21",B-Balance
517,This,O
517,statement,O
517,is,O
517,generated,O
517,automatically,O
517,each,O
517,cycle.,O
518,David,B-Account
518,Nakamura,I-Account
518,Account,O
518,Summary,O
518,Statement,O
518,Period,O
518,:,O
518,October,B-Period
518,2024,I-Period
518,Opening,O
518,Balance,O
518,:,O
518,"$10,340.21",O
518,Closing,O
518,Balance,O
518,:,O
518,"$12,296.52",B-Balance
518,This,O
518,statement,O
518,is,O
518,generated,O
518,automatically,O
518,each,O
518,cycle.,O
519,Samuel,B-Account
519,Okafor,I-Account
519,Account,O
519,Summary,O
519,Statement,O
519,Period,O
519,:,O
519,February,B-Period
519,2026,I-Period
519,Opening,O
519,Balance,O
519,:,O
519,"$10,802.21",O
519,Closing,O
519,Balance,O
519,:,O
519,"$8,360.55",B-Balance
519,This,O
519,statement,O
519,is,O
519,generated,O
519,automatically,O
519,each,O
519,cycle.,O
520,Ethan,B-Account
520,Brooks,I-Account
520,Account,O
520,Summary,O
520,Statement,O
520,Period,O
520,:,O
520,June,B-Period
520,2026,I-Period
520,Opening,O
520,Balance,O
520,:,O
520,"$7,924.40",O
520,Closing,O
520,Balance,O
520,:,O
520,"$4,227.45",B-Balance
520,This,O
520,statement,O
520,is,O
520,generated,O
520,automatically,O
520,each,O
520,cycle.,O
521,Priya,B-Account
521,Anand,I-Account
521,Account,O
521,Summary,O
521,Statement,O
521,Period,O
521,:,O
521,March,B-Period
521,2024,I-Period
521,Opening,O
521,Balance,O
521,:,O
521,"$4,886.29",O
521,Closing,O
521,Balance,O
521,:,O
521,"$6,457.73",B-Balance
521,This,O
521,statement,O
521,is,O
521,generated,O
521,automatically,O
521,each,O
521,cycle.,O
522,David,B-Account
522,Nakamura,I-Account
522,Account,O
522,Summary,O
522,Statement,O
522,Period,O
522,:,O
522,March,B-Period
522,2023,I-Period
522,Opening,O
522,Balance,O
522,:,O
522,"$8,102.84",O
522,Closing,O
522,Balance,O
522,:,O
522,$926.40,B-Balance
522,This,O
522,statement,O
522,is,O
522,generated,O
522,automatically,O
522,each,O
522,cycle.,O
523,Priya,B-Account
523,Anand,I-Account
523,Account,O
523,Summary,O
523,Statement,O
523,Period,O
523,:,O
523,October,B-Period
523,2024,I-Period
523,Opening,O
523,Balance,O
523,:,O
523,"$11,228.80",O
523,Closing,O
523,Balance,O
523,:,O
523,"$6,961.49",B-Balance
523,This,O
523,statement,O
523,is,O
523,generated,O
523,automatically,O
523,each,O
523,cycle.,O
524,Ethan,B-Account
524,Brooks,I-Account
524,Account,O
524,Summary,O
524,Statement,O
524,Period,O
524,:,O
524,August,B-Period
524,2025,I-Period
524,Opening,O
524,Balance,O
524,:,O
524,"$11,449.15",O
524,Closing,O
524,Balance,O
524,:,O
524,"$11,482.47",B-Balance
524,This,O
524,statement,O
524,is,O
524,generated,O
524,automatically,O
524,each,O
524,cycle.,O
525,Nadia,B-Account
525,Kowalski,I-Account
525,Account,O
525,Summary,O
525,Statement,O
525,Period,O
525,:,O
525,May,B-Period
525,2023,I-Period
525,Opening,O
525,Balance,O
525,:,O
525,"$11,400.38",O
525,Closing,O
525,Balance,O
525,:,O
525,"$5,885.30",B-Balance
525,This,O
525,statement,O
525,is,O
525,generated,O
525,automatically,O
525,each,O
525,cycle.,O
526,Mei,B-Account
526,Lin,I-Account
526,Account,O
526,Summary,O
526,Statement,O
526,Period,O
526,:,O
526,June,B-Period
526,2025,I-Period
526,Opening,O
526,Balance,O
526,:,O
526,$816.92,O
526,Closing,O
526,Balance,O
526,:,O
526,"$2,935.95",B-Balance
526,This,O
526,statement,O
526,is,O
526,generated,O
526,automatically,O
526,each,O
526,cycle.,O
527,Mei,B-Account
527,Lin,I-Account
527,Account,O
527,Summary,O
527,Statement,O
527,Period,O
527,:,O
527,January,B-Period
527,2026,I-Period
527,Opening,O
527,Balance,O
527,:,O
527,"$6,148.47",O
527,Closing,O
527,Balance,O
527,:,O
527,"$6,286.55",B-Balance
527,This,O
527,statement,O
527,is,O
527,generated,O
527,automatically,O
527,each,O
527,cycle.,O
528,Samuel,B-Account
528,Okafor,I-Account
528,Account,O
528,Summary,O
528,Statement,O
528,Period,O
528,:,O
528,December,B-Period
528,2025,I-Period
528,Opening,O
528,Balance,O
528,:,O
528,"$4,818.95",O
528,Closing,O
528,Balance,O
528,:,O
528,"$14,529.32",B-Balance
528,This,O
528,statement,O
528,is,O
528,generated,O
528,automatically,O
528,each,O
528,cycle.,O
529,Marcus,B-Account
529,Chen,I-Account
529,Account,O
529,Summary,O
529,Statement,O
529,Period,O
529,:,O
529,July,B-Period
529,2023,I-Period
529,Opening,O
529,Balance,O
529,:,O
529,"$6,269.54",O
529,Closing,O
529,Balance,O
529,:,O
529,"$3,658.82",B-Balance
529,This,O
529,statement,O
529,is,O
529,generated,O
529,automatically,O
529,each,O
529,cycle.,O
530,Aisha,B-Account
530,Rahman,I-Account
530,Account,O
530,Summary,O
530,Statement,O
530,Period,O
530,:,O
530,June,B-Period
530,2025,I-Period
530,Opening,O
530,Balance,O
530,:,O
530,$623.31,O
530,Closing,O
530,Balance,O
530,:,O
530,$951.87,B-Balance
530,This,O
530,statement,O
530,is,O
530,generated,O
530,automatically,O
530,each,O
530,cycle.,O
531,Ethan,B-Account
531,Brooks,I-Account
531,Account,O
531,Summary,O
531,Statement,O
531,Period,O
531,:,O
531,July,B-Period
531,2023,I-Period
531,Opening,O
531,Balance,O
531,:,O
531,"$9,398.00",O
531,Closing,O
531,Balance,O
531,:,O
531,"$9,163.83",B-Balance
531,This,O
531,statement,O
531,is,O
531,generated,O
531,automatically,O
531,each,O
531,cycle.,O
532,Marcus,B-Account
532,Chen,I-Account
532,Account,O
532,Summary,O
532,Statement,O
532,Period,O
532,:,O
532,June,B-Period
532,2023,I-Period
532,Opening,O
532,Balance,O
532,:,O
532,$329.61,O
532,Closing,O
532,Balance,O
532,:,O
532,"$9,709.79",B-Balance
532,This,O
532,statement,O
532,is,O
532,generated,O
532,automatically,O
532,each,O
532,cycle.,O
533,Aisha,B-Account
533,Rahman,I-Account
533,Account,O
533,Summary,O
533,Statement,O
533,Period,O
533,:,O
533,March,B-Period
533,2023,I-Period
533,Opening,O
533,Balance,O
533,:,O
533,"$4,036.37",O
533,Closing,O
533,Balance,O
533,:,O
533,"$14,966.82",B-Balance
533,This,O
533,statement,O
533,is,O
533,generated,O
533,automatically,O
533,each,O
533,cycle.,O
534,Ethan,B-Account
534,Brooks,I-Account
534,Account,O
534,Summary,O
534,Statement,O
534,Period,O
534,:,O
534,December,B-Period
534,2024,I-Period
534,Opening,O
534,Balance,O
534,:,O
534,$128.74,O
534,Closing,O
534,Balance,O
534,:,O
534,"$3,493.84",B-Balance
534,This,O
534,statement,O
534,is,O
534,generated,O
534,automatically,O
534,each,O
534,cycle.,O
535,Grace,B-Account
535,Lindqvist,I-Account
535,Account,O
535,Summary,O
535,Statement,O
535,Period,O
535,:,O
535,September,B-Period
535,2023,I-Period
535,Opening,O
535,Balance,O
535,:,O
535,"$5,327.70",O
535,Closing,O
535,Balance,O
535,:,O
535,"$4,958.25",B-Balance
535,This,O
535,statement,O
535,is,O
535,generated,O
535,automatically,O
535,each,O
535,cycle.,O
536,Lucas,B-Account
536,Ferreira,I-Account
536,Account,O
536,Summary,O
536,Statement,O
536,Period,O
536,:,O
536,June,B-Period
536,2025,I-Period
536,Opening,O
536,Balance,O
536,:,O
536,$491.08,O
536,Closing,O
536,Balance,O
536,:,O
536,"$7,217.40",B-Balance
536,This,O
536,statement,O
536,is,O
536,generated,O
536,automatically,O
536,each,O
536,cycle.,O
537,David,B-Account
537,Nakamura,I-Account
537,Account,O
537,Summary,O
537,Statement,O
537,Period,O
537,:,O
537,March,B-Period
537,2024,I-Period
537,Opening,O
537,Balance,O
537,:,O
537,$426.24,O
537,Closing,O
537,Balance,O
537,:,O
537,"$14,437.88",B-Balance
537,This,O
537,statement,O
537,is,O
537,generated,O
537,automatically,O
537,each,O
537,cycle.,O
538,Aisha,B-Account
538,Rahman,I-Account
538,Account,O
538,Summary,O
538,Statement,O
538,Period,O
538,:,O
538,September,B-Period
538,2026,I-Period
538,Opening,O
538,Balance,O
538,:,O
538,"$4,056.77",O
538,Closing,O
538,Balance,O
538,:,O
538,"$10,662.46",B-Balance
538,This,O
538,statement,O
538,is,O
538,generated,O
538,automatically,O
538,each,O
538,cycle.,O
539,Grace,B-Account
539,Lindqvist,I-Account
539,Account,O
539,Summary,O
539,Statement,O
539,Period,O
539,:,O
539,September,B-Period
539,2024,I-Period
539,Opening,O
539,Balance,O
539,:,O
539,"$10,924.93",O
539,Closing,O
539,Balance,O
539,:,O
539,"$7,848.34",B-Balance
539,This,O
539,statement,O
539,is,O
539,generated,O
539,automatically,O
539,each,O
539,cycle.,O
540,Ethan,B-Account
540,Brooks,I-Account
540,Account,O
540,Summary,O
540,Statement,O
540,Period,O
540,:,O
540,April,B-Period
540,2024,I-Period
540,Opening,O
540,Balance,O
540,:,O
540,"$10,590.66",O
540,Closing,O
540,Balance,O
540,:,O
540,$766.20,B-Balance
540,This,O
540,statement,O
540,is,O
540,generated,O
540,automatically,O
540,each,O
540,cycle.,O
541,Priya,B-Account
541,Anand,I-Account
541,Account,O
541,Summary,O
541,Statement,O
541,Period,O
541,:,O
541,December,B-Period
541,2024,I-Period
541,Opening,O
541,Balance,O
541,:,O
541,"$7,197.43",O
541,Closing,O
541,Balance,O
541,:,O
541,"$1,968.98",B-Balance
541,This,O
541,statement,O
541,is,O
541,generated,O
541,automatically,O
541,each,O
541,cycle.,O
542,Nadia,B-Account
542,Kowalski,I-Account
542,Account,O
542,Summary,O
542,Statement,O
542,Period,O
542,:,O
542,November,B-Period
542,2024,I-Period
542,Opening,O
542,Balance,O
542,:,O
542,"$4,928.22",O
542,Closing,O
542,Balance,O
542,:,O
542,"$2,445.33",B-Balance
542,This,O
542,statement,O
542,is,O
542,generated,O
542,automatically,O
542,each,O
542,cycle.,O
543,Aisha,B-Account
543,Rahman,I-Account
543,Account,O
543,Summary,O
543,Statement,O
543,Period,O
543,:,O
543,May,B-Period
543,2024,I-Period
543,Opening,O
543,Balance,O
543,:,O
543,"$11,591.66",O
543,Closing,O
543,Balance,O
543,:,O
543,$445.27,B-Balance
543,This,O
543,statement,O
543,is,O
543,generated,O
543,automatically,O
543,each,O
543,cycle.,O
544,Grace,B-Account
544,Lindqvist,I-Account
544,Account,O
544,Summary,O
544,Statement,O
544,Period,O
544,:,O
544,June,B-Period
544,2024,I-Period
544,Opening,O
544,Balance,O
544,:,O
544,"$11,823.05",O
544,Closing,O
544,Balance,O
544,:,O
544,"$13,296.60",B-Balance
544,This,O
544,statement,O
544,is,O
544,generated,O
544,automatically,O
544,each,O
544,cycle.,O
545,Priya,B-Account
545,Anand,I-Account
545,Account,O
545,Summary,O
545,Statement,O
545,Period,O
545,:,O
545,March,B-Period
545,2026,I-Period
545,Opening,O
545,Balance,O
545,:,O
545,"$2,367.46",O
545,Closing,O
545,Balance,O
545,:,O
545,"$3,953.96",B-Balance
545,This,O
545,statement,O
545,is,O
545,generated,O
545,automatically,O
545,each,O
545,cycle.,O
546,Grace,B-Account
546,Lindqvist,I-Account
546,Account,O
546,Summary,O
546,Statement,O
546,Period,O
546,:,O
546,July,B-Period
546,2025,I-Period
546,Opening,O
546,Balance,O
546,:,O
546,"$11,610.19",O
546,Closing,O
546,Balance,O
546,:,O
546,"$13,200.34",B-Balance
546,This,O
546,statement,O
546,is,O
546,generated,O
546,automatically,O
546,each,O
546,cycle.,O
547,Aisha,B-Account
547,Rahman,I-Account
547,Account,O
547,Summary,O
547,Statement,O
547,Period,O
547,:,O
547,December,B-Period
547,2026,I-Period
547,Opening,O
547,Balance,O
547,:,O
547,"$7,068.63",O
547,Closing,O
547,Balance,O
547,:,O
547,"$5,262.77",B-Balance
547,This,O
547,statement,O
547,is,O
547,generated,O
547,automatically,O
547,each,O
547,cycle.,O
548,Mei,B-Account
548,Lin,I-Account
548,Account,O
548,Summary,O
548,Statement,O
548,Period,O
548,:,O
548,February,B-Period
548,2025,I-Period
548,Opening,O
548,Balance,O
548,:,O
548,"$1,424.43",O
548,Closing,O
548,Balance,O
548,:,O
548,"$1,247.40",B-Balance
548,This,O
548,statement,O
548,is,O
548,generated,O
548,automatically,O
548,each,O
548,cycle.,O
549,David,B-Account
549,Nakamura,I-Account
549,Account,O
549,Summary,O
549,Statement,O
549,Period,O
549,:,O
549,October,B-Period
549,2023,I-Period
549,Opening,O
549,Balance,O
549,:,O
549,"$3,785.19",O
549,Closing,O
549,Balance,O
549,:,O
549,"$4,661.20",B-Balance
549,This,O
549,statement,O
549,is,O
549,generated,O
549,automatically,O
549,each,O
549,cycle.,O
550,Samuel,B-Account
550,Okafor,I-Account
550,Account,O
550,Summary,O
550,Statement,O
550,Period,O
550,:,O
550,September,B-Period
550,2024,I-Period
550,Opening,O
550,Balance,O
550,:,O
550,"$7,910.22",O
550,Closing,O
550,Balance,O
550,:,O
550,"$1,844.93",B-Balance
550,This,O
550,statement,O
550,is,O
550,generated,O
550,automatically,O
550,each,O
550,cycle.,O
551,Jordan,B-Account
551,Whitfield,I-Account
551,Account,O
551,Summary,O
551,Statement,O
551,Period,O
551,:,O
551,December,B-Period
551,2025,I-Period
551,Opening,O
551,Balance,O
551,:,O
551,"$8,669.66",O
551,Closing,O
551,Balance,O
551,:,O
551,"$10,714.47",B-Balance
551,This,O
551,statement,O
551,is,O
551,generated,O
551,automatically,O
551,each,O
551,cycle.,O
552,Grace,B-Account
552,Lindqvist,I-Account
552,Account,O
552,Summary,O
552,Statement,O
552,Period,O
552,:,O
552,August,B-Period
552,2024,I-Period
552,Opening,O
552,Balance,O
552,:,O
552,"$1,070.18",O
552,Closing,O
552,Balance,O
552,:,O
552,"$11,172.16",B-Balance
552,This,O
552,statement,O
552,is,O
552,generated,O
552,automatically,O
552,each,O
552,cycle.,O
553,David,B-Account
553,Nakamura,I-Account
553,Account,O
553,Summary,O
553,Statement,O
553,Period,O
553,:,O
553,March,B-Period
553,2023,I-Period
553,Opening,O
553,Balance,O
553,:,O
553,"$2,391.37",O
553,Closing,O
553,Balance,O
553,:,O
553,"$11,173.51",B-Balance
553,This,O
553,statement,O
553,is,O
553,generated,O
553,automatically,O
553,each,O
553,cycle.,O
554,Samuel,B-Account
554,Okafor,I-Account
554,Account,O
554,Summary,O
554,Statement,O
554,Period,O
554,:,O
554,July,B-Period
554,2025,I-Period
554,Opening,O
554,Balance,O
554,:,O
554,"$10,026.72",O
554,Closing,O
554,Balance,O
554,:,O
554,"$6,582.87",B-Balance
554,This,O
554,statement,O
554,is,O
554,generated,O
554,automatically,O
554,each,O
554,cycle.,O
555,Elena,B-Account
555,Torres,I-Account
555,Account,O
555,Summary,O
555,Statement,O
555,Period,O
555,:,O
555,April,B-Period
555,2025,I-Period
555,Opening,O
555,Balance,O
555,:,O
555,"$3,355.00",O
555,Closing,O
555,Balance,O
555,:,O
555,"$6,788.79",B-Balance
555,This,O
555,statement,O
555,is,O
555,generated,O
555,automatically,O
555,each,O
555,cycle.,O
556,Jordan,B-Account
556,Whitfield,I-Account
556,Account,O
556,Summary,O
556,Statement,O
556,Period,O
556,:,O
556,October,B-Period
556,2023,I-Period
556,Opening,O
556,Balance,O
556,:,O
556,"$10,444.34",O
556,Closing,O
556,Balance,O
556,:,O
556,"$6,711.24",B-Balance
556,This,O
556,statement,O
556,is,O
556,generated,O
556,automatically,O
556,each,O
556,cycle.,O
557,Aisha,B-Account
557,Rahman,I-Account
557,Account,O
557,Summary,O
557,Statement,O
557,Period,O
557,:,O
557,May,B-Period
557,2025,I-Period
557,Opening,O
557,Balance,O
557,:,O
557,"$8,006.20",O
557,Closing,O
557,Balance,O
557,:,O
557,"$14,712.54",B-Balance
557,This,O
557,statement,O
557,is,O
557,generated,O
557,automatically,O
557,each,O
557,cycle.,O
558,Mei,B-Account
558,Lin,I-Account
558,Account,O
558,Summary,O
558,Statement,O
558,Period,O
558,:,O
558,November,B-Period
558,2023,I-Period
558,Opening,O
558,Balance,O
558,:,O
558,"$10,124.94",O
558,Closing,O
558,Balance,O
558,:,O
558,"$10,708.02",B-Balance
558,This,O
558,statement,O
558,is,O
558,generated,O
558,automatically,O
558,each,O
558,cycle.,O
559,David,B-Account
559,Nakamura,I-Account
559,Account,O
559,Summary,O
559,Statement,O
559,Period,O
559,:,O
559,December,B-Period
559,2023,I-Period
559,Opening,O
559,Balance,O
559,:,O
559,"$7,306.67",O
559,Closing,O
559,Balance,O
559,:,O
559,"$7,218.50",B-Balance
559,This,O
559,statement,O
559,is,O
559,generated,O
559,automatically,O
559,each,O
559,cycle.,O
560,Mei,B-Account
560,Lin,I-Account
560,Account,O
560,Summary,O
560,Statement,O
560,Period,O
560,:,O
560,January,B-Period
560,2025,I-Period
560,Opening,O
560,Balance,O
560,:,O
560,"$11,241.21",O
560,Closing,O
560,Balance,O
560,:,O
560,"$10,790.08",B-Balance
560,This,O
560,statement,O
560,is,O
560,generated,O
560,automatically,O
560,each,O
560,cycle.,O
561,Nadia,B-Account
561,Kowalski,I-Account
561,Account,O
561,Summary,O
561,Statement,O
561,Period,O
561,:,O
561,July,B-Period
561,2024,I-Period
561,Opening,O
561,Balance,O
561,:,O
561,"$10,951.54",O
561,Closing,O
561,Balance,O
561,:,O
561,"$7,143.51",B-Balance
561,This,O
561,statement,O
561,is,O
561,generated,O
561,automatically,O
561,each,O
561,cycle.,O
562,Nadia,B-Account
562,Kowalski,I-Account
562,Account,O
562,Summary,O
562,Statement,O
562,Period,O
562,:,O
562,May,B-Period
562,2023,I-Period
562,Opening,O
562,Balance,O
562,:,O
562,"$4,119.32",O
562,Closing,O
562,Balance,O
562,:,O
562,"$6,436.85",B-Balance
562,This,O
562,statement,O
562,is,O
562,generated,O
562,automatically,O
562,each,O
562,cycle.,O
563,Ethan,B-Account
563,Brooks,I-Account
563,Account,O
563,Summary,O
563,Statement,O
563,Period,O
563,:,O
563,November,B-Period
563,2024,I-Period
563,Opening,O
563,Balance,O
563,:,O
563,"$5,234.03",O
563,Closing,O
563,Balance,O
563,:,O
563,"$3,359.71",B-Balance
563,This,O
563,statement,O
563,is,O
563,generated,O
563,automatically,O
563,each,O
563,cycle.,O
564,Priya,B-Account
564,Anand,I-Account
564,Account,O
564,Summary,O
564,Statement,O
564,Period,O
564,:,O
564,February,B-Period
564,2024,I-Period
564,Opening,O
564,Balance,O
564,:,O
564,"$1,259.53",O
564,Closing,O
564,Balance,O
564,:,O
564,"$14,621.57",B-Balance
564,This,O
564,statement,O
564,is,O
564,generated,O
564,automatically,O
564,each,O
564,cycle.,O
565,Nadia,B-Account
565,Kowalski,I-Account
565,Account,O
565,Summary,O
565,Statement,O
565,Period,O
565,:,O
565,May,B-Period
565,2023,I-Period
565,Opening,O
565,Balance,O
565,:,O
565,"$11,191.55",O
565,Closing,O
565,Balance,O
565,:,O
565,$255.32,B-Balance
565,This,O
565,statement,O
565,is,O
565,generated,O
565,automatically,O
565,each,O
565,cycle.,O
566,Mei,B-Account
566,Lin,I-Account
566,Account,O
566,Summary,O
566,Statement,O
566,Period,O
566,:,O
566,January,B-Period
566,2024,I-Period
566,Opening,O
566,Balance,O
566,:,O
566,"$2,458.83",O
566,Closing,O
566,Balance,O
566,:,O
566,"$4,696.78",B-Balance
566,This,O
566,statement,O
566,is,O
566,generated,O
566,automatically,O
566,each,O
566,cycle.,O
567,Lucas,B-Account
567,Ferreira,I-Account
567,Account,O
567,Summary,O
567,Statement,O
567,Period,O
567,:,O
567,July,B-Period
567,2023,I-Period
567,Opening,O
567,Balance,O
567,:,O
567,$313.98,O
567,Closing,O
567,Balance,O
567,:,O
567,"$10,406.99",B-Balance
567,This,O
567,statement,O
567,is,O
567,generated,O
567,automatically,O
567,each,O
567,cycle.,O
568,Grace,B-Account
568,Lindqvist,I-Account
568,Account,O
568,Summary,O
568,Statement,O
568,Period,O
568,:,O
568,November,B-Period
568,2024,I-Period
568,Opening,O
568,Balance,O
568,:,O
568,"$2,579.23",O
568,Closing,O
568,Balance,O
568,:,O
568,"$3,686.78",B-Balance
568,This,O
568,statement,O
568,is,O
568,generated,O
568,automatically,O
568,each,O
568,cycle.,O
569,David,B-Account
569,Nakamura,I-Account
569,Account,O
569,Summary,O
569,Statement,O
569,Period,O
569,:,O
569,August,B-Period
569,2025,I-Period
569,Opening,O
569,Balance,O
569,:,O
569,"$3,885.58",O
569,Closing,O
569,Balance,O
569,:,O
569,"$9,514.09",B-Balance
569,This,O
569,statement,O
569,is,O
569,generated,O
569,automatically,O
569,each,O
569,cycle.,O
570,Priya,B-Account
570,Anand,I-Account
570,Account,O
570,Summary,O
570,Statement,O
570,Period,O
570,:,O
570,May,B-Period
570,2024,I-Period
570,Opening,O
570,Balance,O
570,:,O
570,"$6,505.86",O
570,Closing,O
570,Balance,O
570,:,O
570,"$13,674.99",B-Balance
570,This,O
570,statement,O
570,is,O
570,generated,O
570,automatically,O
570,each,O
570,cycle.,O
571,Grace,B-Account
571,Lindqvist,I-Account
571,Account,O
571,Summary,O
571,Statement,O
571,Period,O
571,:,O
571,February,B-Period
571,2026,I-Period
571,Opening,O
571,Balance,O
571,:,O
571,"$6,789.14",O
571,Closing,O
571,Balance,O
571,:,O
571,"$9,684.60",B-Balance
571,This,O
571,statement,O
571,is,O
571,generated,O
571,automatically,O
571,each,O
571,cycle.,O
572,Ethan,B-Account
572,Brooks,I-Account
572,Account,O
572,Summary,O
572,Statement,O
572,Period,O
572,:,O
572,June,B-Period
572,2026,I-Period
572,Opening,O
572,Balance,O
572,:,O
572,"$8,739.12",O
572,Closing,O
572,Balance,O
572,:,O
572,"$7,474.61",B-Balance
572,This,O
572,statement,O
572,is,O
572,generated,O
572,automatically,O
572,each,O
572,cycle.,O
573,Lucas,B-Account
573,Ferreira,I-Account
573,Account,O
573,Summary,O
573,Statement,O
573,Period,O
573,:,O
573,July,B-Period
573,2023,I-Period
573,Opening,O
573,Balance,O
573,:,O
573,"$10,490.82",O
573,Closing,O
573,Balance,O
573,:,O
573,"$4,970.26",B-Balance
573,This,O
573,statement,O
573,is,O
573,generated,O
573,automatically,O
573,each,O
573,cycle.,O
574,Lucas,B-Account
574,Ferreira,I-Account
574,Account,O
574,Summary,O
574,Statement,O
574,Period,O
574,:,O
574,May,B-Period
574,2025,I-Period
574,Opening,O
574,Balance,O
574,:,O
574,"$6,983.77",O
574,Closing,O
574,Balance,O
574,:,O
574,"$14,081.75",B-Balance
574,This,O
574,statement,O
574,is,O
574,generated,O
574,automatically,O
574,each,O
574,cycle.,O
575,Ethan,B-Account
575,Brooks,I-Account
575,Account,O
575,Summary,O
575,Statement,O
575,Period,O
575,:,O
575,September,B-Period
575,2023,I-Period
575,Opening,O
575,Balance,O
575,:,O
575,"$8,023.77",O
575,Closing,O
575,Balance,O
575,:,O
575,"$11,402.59",B-Balance
575,This,O
575,statement,O
575,is,O
575,generated,O
575,automatically,O
575,each,O
575,cycle.,O
576,Lucas,B-Account
576,Ferreira,I-Account
576,Account,O
576,Summary,O
576,Statement,O
576,Period,O
576,:,O
576,April,B-Period
576,2023,I-Period
576,Opening,O
576,Balance,O
576,:,O
576,$778.31,O
576,Closing,O
576,Balance,O
576,:,O
576,"$7,344.28",B-Balance
576,This,O
576,statement,O
576,is,O
576,generated,O
576,automatically,O
576,each,O
576,cycle.,O
577,Ethan,B-Account
577,Brooks,I-Account
577,Account,O
577,Summary,O
577,Statement,O
577,Period,O
577,:,O
577,September,B-Period
577,2023,I-Period
577,Opening,O
577,Balance,O
577,:,O
577,"$7,357.01",O
577,Closing,O
577,Balance,O
577,:,O
577,"$3,579.33",B-Balance
577,This,O
577,statement,O
577,is,O
577,generated,O
577,automatically,O
577,each,O
577,cycle.,O
578,Samuel,B-Account
578,Okafor,I-Account
578,Account,O
578,Summary,O
578,Statement,O
578,Period,O
578,:,O
578,October,B-Period
578,2023,I-Period
578,Opening,O
578,Balance,O
578,:,O
578,"$7,507.78",O
578,Closing,O
578,Balance,O
578,:,O
578,$530.16,B-Balance
578,This,O
578,statement,O
578,is,O
578,generated,O
578,automatically,O
578,each,O
578,cycle.,O
579,Priya,B-Account
579,Anand,I-Account
579,Account,O
579,Summary,O
579,Statement,O
579,Period,O
579,:,O
579,September,B-Period
579,2024,I-Period
579,Opening,O
579,Balance,O
579,:,O
579,"$9,866.37",O
579,Closing,O
579,Balance,O
579,:,O
579,"$6,736.11",B-Balance
579,This,O
579,statement,O
579,is,O
579,generated,O
579,automatically,O
579,each,O
579,cycle.,O
580,Priya,B-Account
580,Anand,I-Account
580,Account,O
580,Summary,O
580,Statement,O
580,Period,O
580,:,O
580,December,B-Period
580,2024,I-Period
580,Opening,O
580,Balance,O
580,:,O
580,$138.85,O
580,Closing,O
580,Balance,O
580,:,O
580,"$11,731.53",B-Balance
580,This,O
580,statement,O
580,is,O
580,generated,O
580,automatically,O
580,each,O
580,cycle.,O
581,Mei,B-Account
581,Lin,I-Account
581,Account,O
581,Summary,O
581,Statement,O
581,Period,O
581,:,O
581,January,B-Period
581,2023,I-Period
581,Opening,O
581,Balance,O
581,:,O
581,"$11,467.89",O
581,Closing,O
581,Balance,O
581,:,O
581,"$8,891.67",B-Balance
581,This,O
581,statement,O
581,is,O
581,generated,O
581,automatically,O
581,each,O
581,cycle.,O
582,Elena,B-Account
582,Torres,I-Account
582,Account,O
582,Summary,O
582,Statement,O
582,Period,O
582,:,O
582,January,B-Period
582,2025,I-Period
582,Opening,O
582,Balance,O
582,:,O
582,"$4,941.30",O
582,Closing,O
582,Balance,O
582,:,O
582,"$6,067.84",B-Balance
582,This,O
582,statement,O
582,is,O
582,generated,O
582,automatically,O
582,each,O
582,cycle.,O
583,David,B-Account
583,Nakamura,I-Account
583,Account,O
583,Summary,O
583,Statement,O
583,Period,O
583,:,O
583,May,B-Period
583,2024,I-Period
583,Opening,O
583,Balance,O
583,:,O
583,"$2,936.53",O
583,Closing,O
583,Balance,O
583,:,O
583,"$4,207.19",B-Balance
583,This,O
583,statement,O
583,is,O
583,generated,O
583,automatically,O
583,each,O
583,cycle.,O
584,Priya,B-Account
584,Anand,I-Account
584,Account,O
584,Summary,O
584,Statement,O
584,Period,O
584,:,O
584,February,B-Period
584,2024,I-Period
584,Opening,O
584,Balance,O
584,:,O
584,"$8,583.93",O
584,Closing,O
584,Balance,O
584,:,O
584,"$6,800.02",B-Balance
584,This,O
584,statement,O
584,is,O
584,generated,O
584,automatically,O
584,each,O
584,cycle.,O
585,David,B-Account
585,Nakamura,I-Account
585,Account,O
585,Summary,O
585,Statement,O
585,Period,O
585,:,O
585,June,B-Period
585,2025,I-Period
585,Opening,O
585,Balance,O
585,:,O
585,"$4,141.47",O
585,Closing,O
585,Balance,O
585,:,O
585,"$14,301.41",B-Balance
585,This,O
585,statement,O
585,is,O
585,generated,O
585,automatically,O
585,each,O
585,cycle.,O
586,Jordan,B-Account
586,Whitfield,I-Account
586,Account,O
586,Summary,O
586,Statement,O
586,Period,O
586,:,O
586,November,B-Period
586,2023,I-Period
586,Opening,O
586,Balance,O
586,:,O
586,"$9,679.24",O
586,Closing,O
586,Balance,O
586,:,O
586,"$9,978.17",B-Balance
586,This,O
586,statement,O
586,is,O
586,generated,O
586,automatically,O
586,each,O
586,cycle.,O
587,Samuel,B-Account
587,Okafor,I-Account
587,Account,O
587,Summary,O
587,Statement,O
587,Period,O
587,:,O
587,August,B-Period
587,2024,I-Period
587,Opening,O
587,Balance,O
587,:,O
587,"$7,611.90",O
587,Closing,O
587,Balance,O
587,:,O
587,"$6,803.13",B-Balance
587,This,O
587,statement,O
587,is,O
587,generated,O
587,automatically,O
587,each,O
587,cycle.,O
588,Samuel,B-Account
588,Okafor,I-Account
588,Account,O
588,Summary,O
588,Statement,O
588,Period,O
588,:,O
588,February,B-Period
588,2023,I-Period
588,Opening,O
588,Balance,O
588,:,O
588,"$2,775.95",O
588,Closing,O
588,Balance,O
588,:,O
588,"$1,605.13",B-Balance
588,This,O
588,statement,O
588,is,O
588,generated,O
588,automatically,O
588,each,O
588,cycle.,O
589,David,B-Account
589,Nakamura,I-Account
589,Account,O
589,Summary,O
589,Statement,O
589,Period,O
589,:,O
589,May,B-Period
589,2025,I-Period
589,Opening,O
589,Balance,O
589,:,O
589,"$11,992.41",O
589,Closing,O
589,Balance,O
589,:,O
589,"$14,588.03",B-Balance
589,This,O
589,statement,O
589,is,O
589,generated,O
589,automatically,O
589,each,O
589,cycle.,O
590,Samuel,B-Account
590,Okafor,I-Account
590,Account,O
590,Summary,O
590,Statement,O
590,Period,O
590,:,O
590,April,B-Period
590,2025,I-Period
590,Opening,O
590,Balance,O
590,:,O
590,"$5,352.36",O
590,Closing,O
590,Balance,O
590,:,O
590,"$7,875.12",B-Balance
590,This,O
590,statement,O
590,is,O
590,generated,O
590,automatically,O
590,each,O
590,cycle.,O
591,Priya,B-Account
591,Anand,I-Account
591,Account,O
591,Summary,O
591,Statement,O
591,Period,O
591,:,O
591,March,B-Period
591,2024,I-Period
591,Opening,O
591,Balance,O
591,:,O
591,"$8,545.30",O
591,Closing,O
591,Balance,O
591,:,O
591,"$11,573.36",B-Balance
591,This,O
591,statement,O
591,is,O
591,generated,O
591,automatically,O
591,each,O
591,cycle.,O
592,Samuel,B-Account
592,Okafor,I-Account
592,Account,O
592,Summary,O
592,Statement,O
592,Period,O
592,:,O
592,July,B-Period
592,2024,I-Period
592,Opening,O
592,Balance,O
592,:,O
592,"$8,154.81",O
592,Closing,O
592,Balance,O
592,:,O
592,"$8,811.44",B-Balance
592,This,O
592,statement,O
592,is,O
592,generated,O
592,automatically,O
592,each,O
592,cycle.,O
593,Aisha,B-Account
593,Rahman,I-Account
593,Account,O
593,Summary,O
593,Statement,O
593,Period,O
593,:,O
593,June,B-Period
593,2026,I-Period
593,Opening,O
593,Balance,O
593,:,O
593,"$11,756.00",O
593,Closing,O
593,Balance,O
593,:,O
593,"$14,210.69",B-Balance
593,This,O
593,statement,O
593,is,O
593,generated,O
593,automatically,O
593,each,O
593,cycle.,O
594,Aisha,B-Account
594,Rahman,I-Account
594,Account,O
594,Summary,O
594,Statement,O
594,Period,O
594,:,O
594,November,B-Period
594,2023,I-Period
594,Opening,O
594,Balance,O
594,:,O
594,"$9,400.82",O
594,Closing,O
594,Balance,O
594,:,O
594,"$6,884.76",B-Balance
594,This,O
594,statement,O
594,is,O
594,generated,O
594,automatically,O
594,each,O
594,cycle.,O
595,Priya,B-Account
595,Anand,I-Account
595,Account,O
595,Summary,O
595,Statement,O
595,Period,O
595,:,O
595,November,B-Period
595,2024,I-Period
595,Opening,O
595,Balance,O
595,:,O
595,$757.37,O
595,Closing,O
595,Balance,O
595,:,O
595,"$9,179.51",B-Balance
595,This,O
595,statement,O
595,is,O
595,generated,O
595,automatically,O
595,each,O
595,cycle.,O
596,David,B-Account
596,Nakamura,I-Account
596,Account,O
596,Summary,O
596,Statement,O
596,Period,O
596,:,O
596,March,B-Period
596,2024,I-Period
596,Opening,O
596,Balance,O
596,:,O
596,"$5,149.50",O
596,Closing,O
596,Balance,O
596,:,O
596,"$1,238.86",B-Balance
596,This,O
596,statement,O
596,is,O
596,generated,O
596,automatically,O
596,each,O
596,cycle.,O
597,Samuel,B-Account
597,Okafor,I-Account
597,Account,O
597,Summary,O
597,Statement,O
597,Period,O
597,:,O
597,November,B-Period
597,2023,I-Period
597,Opening,O
597,Balance,O
597,:,O
597,"$3,893.86",O
597,Closing,O
597,Balance,O
597,:,O
597,"$12,954.26",B-Balance
597,This,O
597,statement,O
597,is,O
597,generated,O
597,automatically,O
597,each,O
597,cycle.,O
598,Lucas,B-Account
598,Ferreira,I-Account
598,Account,O
598,Summary,O
598,Statement,O
598,Period,O
598,:,O
598,May,B-Period
598,2026,I-Period
598,Opening,O
598,Balance,O
598,:,O
598,$696.04,O
598,Closing,O
598,Balance,O
598,:,O
598,"$8,483.09",B-Balance
598,This,O
598,statement,O
598,is,O
598,generated,O
598,automatically,O
598,each,O
598,cycle.,O
599,Nadia,B-Account
599,Kowalski,I-Account
599,Account,O
599,Summary,O
599,Statement,O
599,Period,O
599,:,O
599,March,B-Period
599,2023,I-Period
599,Opening,O
599,Balance,O
599,:,O
599,"$2,472.44",O
599,Closing,O
599,Balance,O
599,:,O
599,"$9,240.90",B-Balance
599,This,O
599,statement,O
599,is,O
599,generated,O
599,automatically,O
599,each,O
599,cycle.,O
600,Lucas,B-Account
600,Ferreira,I-Account
600,Account,O
600,Summary,O
600,Statement,O
600,Period,O
600,:,O
600,March,B-Period
600,2026,I-Period
600,Opening,O
600,Balance,O
600,:,O
600,"$3,302.30",O
600,Closing,O
600,Balance,O
600,:,O
600,"$7,519.86",B-Balance
600,This,O
600,statement,O
600,is,O
600,generated,O
600,automatically,O
600,each,O
600,cycle.,O
601,Aisha,B-Account
601,Rahman,I-Account
601,Account,O
601,Summary,O
601,Statement,O
601,Period,O
601,:,O
601,April,B-Period
601,2025,I-Period
601,Opening,O
601,Balance,O
601,:,O
601,$568.53,O
601,Closing,O
601,Balance,O
601,:,O
601,"$9,579.47",B-Balance
601,This,O
601,statement,O
601,is,O
601,generated,O
601,automatically,O
601,each,O
601,cycle.,O
602,Nadia,B-Account
602,Kowalski,I-Account
602,Account,O
602,Summary,O
602,Statement,O
602,Period,O
602,:,O
602,April,B-Period
602,2023,I-Period
602,Opening,O
602,Balance,O
602,:,O
602,$710.75,O
602,Closing,O
602,Balance,O
602,:,O
602,"$13,205.07",B-Balance
602,This,O
602,statement,O
602,is,O
602,generated,O
602,automatically,O
602,each,O
602,cycle.,O
603,Elena,B-Account
603,Torres,I-Account
603,Account,O
603,Summary,O
603,Statement,O
603,Period,O
603,:,O
603,February,B-Period
603,2024,I-Period
603,Opening,O
603,Balance,O
603,:,O
603,"$8,372.17",O
603,Closing,O
603,Balance,O
603,:,O
603,"$3,079.34",B-Balance
603,This,O
603,statement,O
603,is,O
603,generated,O
603,automatically,O
603,each,O
603,cycle.,O
604,Aisha,B-Account
604,Rahman,I-Account
604,Account,O
604,Summary,O
604,Statement,O
604,Period,O
604,:,O
604,October,B-Period
604,2023,I-Period
604,Opening,O
604,Balance,O
604,:,O
604,"$8,381.93",O
604,Closing,O
604,Balance,O
604,:,O
604,"$12,976.87",B-Balance
604,This,O
604,statement,O
604,is,O
604,generated,O
604,automatically,O
604,each,O
604,cycle.,O
605,Jordan,B-Account
605,Whitfield,I-Account
605,Account,O
605,Summary,O
605,Statement,O
605,Period,O
605,:,O
605,December,B-Period
605,2023,I-Period
605,Opening,O
605,Balance,O
605,:,O
605,"$3,587.20",O
605,Closing,O
605,Balance,O
605,:,O
605,"$13,754.32",B-Balance
605,This,O
605,statement,O
605,is,O
605,generated,O
605,automatically,O
605,each,O
605,cycle.,O
606,Jordan,B-Account
606,Whitfield,I-Account
606,Account,O
606,Summary,O
606,Statement,O
606,Period,O
606,:,O
606,October,B-Period
606,2023,I-Period
606,Opening,O
606,Balance,O
606,:,O
606,"$6,118.49",O
606,Closing,O
606,Balance,O
606,:,O
606,"$6,949.52",B-Balance
606,This,O
606,statement,O
606,is,O
606,generated,O
606,automatically,O
606,each,O
606,cycle.,O
607,Jordan,B-Account
607,Whitfield,I-Account
607,Account,O
607,Summary,O
607,Statement,O
607,Period,O
607,:,O
607,March,B-Period
607,2026,I-Period
607,Opening,O
607,Balance,O
607,:,O
607,"$6,601.97",O
607,Closing,O
607,Balance,O
607,:,O
607,"$12,580.58",B-Balance
607,This,O
607,statement,O
607,is,O
607,generated,O
607,automatically,O
607,each,O
607,cycle.,O
608,Elena,B-Account
608,Torres,I-Account
608,Account,O
608,Summary,O
608,Statement,O
608,Period,O
608,:,O
608,January,B-Period
608,2023,I-Period
608,Opening,O
608,Balance,O
608,:,O
608,"$11,946.38",O
608,Closing,O
608,Balance,O
608,:,O
608,"$5,754.33",B-Balance
608,This,O
608,statement,O
608,is,O
608,generated,O
608,automatically,O
608,each,O
608,cycle.,O
609,Grace,B-Account
609,Lindqvist,I-Account
609,Account,O
609,Summary,O
609,Statement,O
609,Period,O
609,:,O
609,February,B-Period
609,2025,I-Period
609,Opening,O
609,Balance,O
609,:,O
609,"$4,441.31",O
609,Closing,O
609,Balance,O
609,:,O
609,"$6,194.83",B-Balance
609,This,O
609,statement,O
609,is,O
609,generated,O
609,automatically,O
609,each,O
609,cycle.,O
610,Samuel,B-Account
610,Okafor,I-Account
610,Account,O
610,Summary,O
610,Statement,O
610,Period,O
610,:,O
610,October,B-Period
610,2026,I-Period
610,Opening,O
610,Balance,O
610,:,O
610,"$8,083.72",O
610,Closing,O
610,Balance,O
610,:,O
610,"$12,291.86",B-Balance
610,This,O
610,statement,O
610,is,O
610,generated,O
610,automatically,O
610,each,O
610,cycle.,O
611,Priya,B-Account
611,Anand,I-Account
611,Account,O
611,Summary,O
611,Statement,O
611,Period,O
611,:,O
611,January,B-Period
611,2024,I-Period
611,Opening,O
611,Balance,O
611,:,O
611,"$4,833.99",O
611,Closing,O
611,Balance,O
611,:,O
611,"$10,712.89",B-Balance
611,This,O
611,statement,O
611,is,O
611,generated,O
611,automatically,O
611,each,O
611,cycle.,O
612,Lucas,B-Account
612,Ferreira,I-Account
612,Account,O
612,Summary,O
612,Statement,O
612,Period,O
612,:,O
612,February,B-Period
612,2025,I-Period
612,Opening,O
612,Balance,O
612,:,O
612,"$1,136.67",O
612,Closing,O
612,Balance,O
612,:,O
612,$960.23,B-Balance
612,This,O
612,statement,O
612,is,O
612,generated,O
612,automatically,O
612,each,O
612,cycle.,O
613,Grace,B-Account
613,Lindqvist,I-Account
613,Account,O
613,Summary,O
613,Statement,O
613,Period,O
613,:,O
613,April,B-Period
613,2024,I-Period
613,Opening,O
613,Balance,O
613,:,O
613,"$2,523.69",O
613,Closing,O
613,Balance,O
613,:,O
613,"$12,411.10",B-Balance
613,This,O
613,statement,O
613,is,O
613,generated,O
613,automatically,O
613,each,O
613,cycle.,O
614,Samuel,B-Account
614,Okafor,I-Account
614,Account,O
614,Summary,O
614,Statement,O
614,Period,O
614,:,O
614,July,B-Period
614,2023,I-Period
614,Opening,O
614,Balance,O
614,:,O
614,"$10,832.91",O
614,Closing,O
614,Balance,O
614,:,O
614,"$12,446.28",B-Balance
614,This,O
614,statement,O
614,is,O
614,generated,O
614,automatically,O
614,each,O
614,cycle.,O
615,Mei,B-Account
615,Lin,I-Account
615,Account,O
615,Summary,O
615,Statement,O
615,Period,O
615,:,O
615,November,B-Period
615,2025,I-Period
615,Opening,O
615,Balance,O
615,:,O
615,"$7,023.95",O
615,Closing,O
615,Balance,O
615,:,O
615,"$8,918.27",B-Balance
615,This,O
615,statement,O
615,is,O
615,generated,O
615,automatically,O
615,each,O
615,cycle.,O
616,Marcus,B-Account
616,Chen,I-Account
616,Account,O
616,Summary,O
616,Statement,O
616,Period,O
616,:,O
616,August,B-Period
616,2025,I-Period
616,Opening,O
616,Balance,O
616,:,O
616,"$2,940.40",O
616,Closing,O
616,Balance,O
616,:,O
616,"$5,537.26",B-Balance
616,This,O
616,statement,O
616,is,O
616,generated,O
616,automatically,O
616,each,O
616,cycle.,O
617,Grace,B-Account
617,Lindqvist,I-Account
617,Account,O
617,Summary,O
617,Statement,O
617,Period,O
617,:,O
617,May,B-Period
617,2023,I-Period
617,Opening,O
617,Balance,O
617,:,O
617,"$9,261.81",O
617,Closing,O
617,Balance,O
617,:,O
617,"$5,663.17",B-Balance
617,This,O
617,statement,O
617,is,O
617,generated,O
617,automatically,O
617,each,O
617,cycle.,O
618,David,B-Account
618,Nakamura,I-Account
618,Account,O
618,Summary,O
618,Statement,O
618,Period,O
618,:,O
618,July,B-Period
618,2026,I-Period
618,Opening,O
618,Balance,O
618,:,O
618,$593.42,O
618,Closing,O
618,Balance,O
618,:,O
618,"$12,250.20",B-Balance
618,This,O
618,statement,O
618,is,O
618,generated,O
618,automatically,O
618,each,O
618,cycle.,O
619,Priya,B-Account
619,Anand,I-Account
619,Account,O
619,Summary,O
619,Statement,O
619,Period,O
619,:,O
619,July,B-Period
619,2026,I-Period
619,Opening,O
619,Balance,O
619,:,O
619,"$6,717.72",O
619,Closing,O
619,Balance,O
619,:,O
619,"$9,846.72",B-Balance
619,This,O
619,statement,O
619,is,O
619,generated,O
619,automatically,O
619,each,O
619,cycle.,O
620,Samuel,B-Account
620,Okafor,I-Account
620,Account,O
620,Summary,O
620,Statement,O
620,Period,O
620,:,O
620,May,B-Period
620,2026,I-Period
620,Opening,O
620,Balance,O
620,:,O
620,$289.37,O
620,Closing,O
620,Balance,O
620,:,O
620,$300.38,B-Balance
620,This,O
620,statement,O
620,is,O
620,generated,O
620,automatically,O
620,each,O
620,cycle.,O
621,Nadia,B-Account
621,Kowalski,I-Account
621,Account,O
621,Summary,O
621,Statement,O
621,Period,O
621,:,O
621,July,B-Period
621,2025,I-Period
621,Opening,O
621,Balance,O
621,:,O
621,"$4,878.47",O
621,Closing,O
621,Balance,O
621,:,O
621,"$4,596.63",B-Balance
621,This,O
621,statement,O
621,is,O
621,generated,O
621,automatically,O
621,each,O
621,cycle.,O
622,Mei,B-Account
622,Lin,I-Account
622,Account,O
622,Summary,O
622,Statement,O
622,Period,O
622,:,O
622,July,B-Period
622,2024,I-Period
622,Opening,O
622,Balance,O
622,:,O
622,"$8,163.93",O
622,Closing,O
622,Balance,O
622,:,O
622,"$14,749.30",B-Balance
622,This,O
622,statement,O
622,is,O
622,generated,O
622,automatically,O
622,each,O
622,cycle.,O
623,Jordan,B-Account
623,Whitfield,I-Account
623,Account,O
623,Summary,O
623,Statement,O
623,Period,O
623,:,O
623,October,B-Period
623,2023,I-Period
623,Opening,O
623,Balance,O
623,:,O
623,"$6,441.52",O
623,Closing,O
623,Balance,O
623,:,O
623,"$11,131.43",B-Balance
623,This,O
623,statement,O
623,is,O
623,generated,O
623,automatically,O
623,each,O
623,cycle.,O
624,Elena,B-Account
624,Torres,I-Account
624,Account,O
624,Summary,O
624,Statement,O
624,Period,O
624,:,O
624,September,B-Period
624,2024,I-Period
624,Opening,O
624,Balance,O
624,:,O
624,"$1,508.96",O
624,Closing,O
624,Balance,O
624,:,O
624,"$14,872.21",B-Balance
624,This,O
624,statement,O
624,is,O
624,generated,O
624,automatically,O
624,each,O
624,cycle.,O
625,Lucas,B-Account
625,Ferreira,I-Account
625,Account,O
625,Summary,O
625,Statement,O
625,Period,O
625,:,O
625,February,B-Period
625,2026,I-Period
625,Opening,O
625,Balance,O
625,:,O
625,"$2,491.21",O
625,Closing,O
625,Balance,O
625,:,O
625,"$7,257.50",B-Balance
625,This,O
625,statement,O
625,is,O
625,generated,O
625,automatically,O
625,each,O
625,cycle.,O
626,Mei,B-Account
626,Lin,I-Account
626,Account,O
626,Summary,O
626,Statement,O
626,Period,O
626,:,O
626,May,B-Period
626,2025,I-Period
626,Opening,O
626,Balance,O
626,:,O
626,"$6,339.04",O
626,Closing,O
626,Balance,O
626,:,O
626,"$13,451.21",B-Balance
626,This,O
626,statement,O
626,is,O
626,generated,O
626,automatically,O
626,each,O
626,cycle.,O
627,Samuel,B-Account
627,Okafor,I-Account
627,Account,O
627,Summary,O
627,Statement,O
627,Period,O
627,:,O
627,December,B-Period
627,2023,I-Period
627,Opening,O
627,Balance,O
627,:,O
627,"$6,023.52",O
627,Closing,O
627,Balance,O
627,:,O
627,"$10,780.16",B-Balance
627,This,O
627,statement,O
627,is,O
627,generated,O
627,automatically,O
627,each,O
627,cycle.,O
628,Marcus,B-Account
628,Chen,I-Account
628,Account,O
628,Summary,O
628,Statement,O
628,Period,O
628,:,O
628,October,B-Period
628,2024,I-Period
628,Opening,O
628,Balance,O
628,:,O
628,"$10,725.05",O
628,Closing,O
628,Balance,O
628,:,O
628,"$13,002.06",B-Balance
628,This,O
628,statement,O
628,is,O
628,generated,O
628,automatically,O
628,each,O
628,cycle.,O
629,Jordan,B-Account
629,Whitfield,I-Account
629,Account,O
629,Summary,O
629,Statement,O
629,Period,O
629,:,O
629,July,B-Period
629,2023,I-Period
629,Opening,O
629,Balance,O
629,:,O
629,"$1,546.76",O
629,Closing,O
629,Balance,O
629,:,O
629,"$7,258.42",B-Balance
629,This,O
629,statement,O
629,is,O
629,generated,O
629,automatically,O
629,each,O
629,cycle.,O
630,Jordan,B-Account
630,Whitfield,I-Account
630,Account,O
630,Summary,O
630,Statement,O
630,Period,O
630,:,O
630,July,B-Period
630,2025,I-Period
630,Opening,O
630,Balance,O
630,:,O
630,"$2,285.35",O
630,Closing,O
630,Balance,O
630,:,O
630,"$13,328.26",B-Balance
630,This,O
630,statement,O
630,is,O
630,generated,O
630,automatically,O
630,each,O
630,cycle.,O
631,Priya,B-Account
631,Anand,I-Account
631,Account,O
631,Summary,O
631,Statement,O
631,Period,O
631,:,O
631,April,B-Period
631,2025,I-Period
631,Opening,O
631,Balance,O
631,:,O
631,"$3,917.74",O
631,Closing,O
631,Balance,O
631,:,O
631,"$9,872.88",B-Balance
631,This,O
631,statement,O
631,is,O
631,generated,O
631,automatically,O
631,each,O
631,cycle.,O
632,Mei,B-Account
632,Lin,I-Account
632,Account,O
632,Summary,O
632,Statement,O
632,Period,O
632,:,O
632,March,B-Period
632,2025,I-Period
632,Opening,O
632,Balance,O
632,:,O
632,"$3,124.04",O
632,Closing,O
632,Balance,O
632,:,O
632,$788.99,B-Balance
632,This,O
632,statement,O
632,is,O
632,generated,O
632,automatically,O
632,each,O
632,cycle.,O
633,Ethan,B-Account
633,Brooks,I-Account
633,Account,O
633,Summary,O
633,Statement,O
633,Period,O
633,:,O
633,December,B-Period
633,2024,I-Period
633,Opening,O
633,Balance,O
633,:,O
633,"$4,493.37",O
633,Closing,O
633,Balance,O
633,:,O
633,"$8,845.72",B-Balance
633,This,O
633,statement,O
633,is,O
633,generated,O
633,automatically,O
633,each,O
633,cycle.,O
634,Priya,B-Account
634,Anand,I-Account
634,Account,O
634,Summary,O
634,Statement,O
634,Period,O
634,:,O
634,February,B-Period
634,2024,I-Period
634,Opening,O
634,Balance,O
634,:,O
634,"$8,486.92",O
634,Closing,O
634,Balance,O
634,:,O
634,"$10,916.46",B-Balance
634,This,O
634,statement,O
634,is,O
634,generated,O
634,automatically,O
634,each,O
634,cycle.,O
635,David,B-Account
635,Nakamura,I-Account
635,Account,O
635,Summary,O
635,Statement,O
635,Period,O
635,:,O
635,August,B-Period
635,2024,I-Period
635,Opening,O
635,Balance,O
635,:,O
635,$222.15,O
635,Closing,O
635,Balance,O
635,:,O
635,"$4,741.47",B-Balance
635,This,O
635,statement,O
635,is,O
635,generated,O
635,automatically,O
635,each,O
635,cycle.,O
636,David,B-Account
636,Nakamura,I-Account
636,Account,O
636,Summary,O
636,Statement,O
636,Period,O
636,:,O
636,July,B-Period
636,2023,I-Period
636,Opening,O
636,Balance,O
636,:,O
636,"$11,514.66",O
636,Closing,O
636,Balance,O
636,:,O
636,"$6,730.62",B-Balance
636,This,O
636,statement,O
636,is,O
636,generated,O
636,automatically,O
636,each,O
636,cycle.,O
637,Aisha,B-Account
637,Rahman,I-Account
637,Account,O
637,Summary,O
637,Statement,O
637,Period,O
637,:,O
637,August,B-Period
637,2023,I-Period
637,Opening,O
637,Balance,O
637,:,O
637,"$8,653.47",O
637,Closing,O
637,Balance,O
637,:,O
637,"$12,248.76",B-Balance
637,This,O
637,statement,O
637,is,O
637,generated,O
637,automatically,O
637,each,O
637,cycle.,O
638,Samuel,B-Account
638,Okafor,I-Account
638,Account,O
638,Summary,O
638,Statement,O
638,Period,O
638,:,O
638,November,B-Period
638,2024,I-Period
638,Opening,O
638,Balance,O
638,:,O
638,"$11,069.53",O
638,Closing,O
638,Balance,O
638,:,O
638,"$3,703.44",B-Balance
638,This,O
638,statement,O
638,is,O
638,generated,O
638,automatically,O
638,each,O
638,cycle.,O
639,Mei,B-Account
639,Lin,I-Account
639,Account,O
639,Summary,O
639,Statement,O
639,Period,O
639,:,O
639,November,B-Period
639,2024,I-Period
639,Opening,O
639,Balance,O
639,:,O
639,"$11,439.47",O
639,Closing,O
639,Balance,O
639,:,O
639,"$10,250.38",B-Balance
639,This,O
639,statement,O
639,is,O
639,generated,O
639,automatically,O
639,each,O
639,cycle.,O
640,Nadia,B-Account
640,Kowalski,I-Account
640,Account,O
640,Summary,O
640,Statement,O
640,Period,O
640,:,O
640,August,B-Period
640,2024,I-Period
640,Opening,O
640,Balance,O
640,:,O
640,"$7,200.14",O
640,Closing,O
640,Balance,O
640,:,O
640,"$1,248.67",B-Balance
640,This,O
640,statement,O
640,is,O
640,generated,O
640,automatically,O
640,each,O
640,cycle.,O
641,David,B-Account
641,Nakamura,I-Account
641,Account,O
641,Summary,O
641,Statement,O
641,Period,O
641,:,O
641,October,B-Period
641,2023,I-Period
641,Opening,O
641,Balance,O
641,:,O
641,"$4,596.50",O
641,Closing,O
641,Balance,O
641,:,O
641,"$5,946.19",B-Balance
641,This,O
641,statement,O
641,is,O
641,generated,O
641,automatically,O
641,each,O
641,cycle.,O
642,Priya,B-Account
642,Anand,I-Account
642,Account,O
642,Summary,O
642,Statement,O
642,Period,O
642,:,O
642,December,B-Period
642,2024,I-Period
642,Opening,O
642,Balance,O
642,:,O
642,"$2,155.90",O
642,Closing,O
642,Balance,O
642,:,O
642,"$10,929.49",B-Balance
642,This,O
642,statement,O
642,is,O
642,generated,O
642,automatically,O
642,each,O
642,cycle.,O
643,Aisha,B-Account
643,Rahman,I-Account
643,Account,O
643,Summary,O
643,Statement,O
643,Period,O
643,:,O
643,February,B-Period
643,2024,I-Period
643,Opening,O
643,Balance,O
643,:,O
643,"$1,530.86",O
643,Closing,O
643,Balance,O
643,:,O
643,"$13,186.47",B-Balance
643,This,O
643,statement,O
643,is,O
643,generated,O
643,automatically,O
643,each,O
643,cycle.,O
644,Elena,B-Account
644,Torres,I-Account
644,Account,O
644,Summary,O
644,Statement,O
644,Period,O
644,:,O
644,December,B-Period
644,2025,I-Period
644,Opening,O
644,Balance,O
644,:,O
644,"$6,224.24",O
644,Closing,O
644,Balance,O
644,:,O
644,"$5,971.22",B-Balance
644,This,O
644,statement,O
644,is,O
644,generated,O
644,automatically,O
644,each,O
644,cycle.,O
645,Grace,B-Account
645,Lindqvist,I-Account
645,Account,O
645,Summary,O
645,Statement,O
645,Period,O
645,:,O
645,August,B-Period
645,2024,I-Period
645,Opening,O
645,Balance,O
645,:,O
645,"$5,145.43",O
645,Closing,O
645,Balance,O
645,:,O
645,"$7,163.88",B-Balance
645,This,O
645,statement,O
645,is,O
645,generated,O
645,automatically,O
645,each,O
645,cycle.,O
646,Ethan,B-Account
646,Brooks,I-Account
646,Account,O
646,Summary,O
646,Statement,O
646,Period,O
646,:,O
646,September,B-Period
646,2026,I-Period
646,Opening,O
646,Balance,O
646,:,O
646,"$5,270.99",O
646,Closing,O
646,Balance,O
646,:,O
646,"$2,664.11",B-Balance
646,This,O
646,statement,O
646,is,O
646,generated,O
646,automatically,O
646,each,O
646,cycle.,O
647,Elena,B-Account
647,Torres,I-Account
647,Account,O
647,Summary,O
647,Statement,O
647,Period,O
647,:,O
647,October,B-Period
647,2023,I-Period
647,Opening,O
647,Balance,O
647,:,O
647,"$5,982.62",O
647,Closing,O
647,Balance,O
647,:,O
647,"$6,821.18",B-Balance
647,This,O
647,statement,O
647,is,O
647,generated,O
647,automatically,O
647,each,O
647,cycle.,O
648,Priya,B-Account
648,Anand,I-Account
648,Account,O
648,Summary,O
648,Statement,O
648,Period,O
648,:,O
648,October,B-Period
648,2025,I-Period
648,Opening,O
648,Balance,O
648,:,O
648,"$9,388.62",O
648,Closing,O
648,Balance,O
648,:,O
648,"$6,073.79",B-Balance
648,This,O
648,statement,O
648,is,O
648,generated,O
648,automatically,O
648,each,O
648,cycle.,O
649,Priya,B-Account
649,Anand,I-Account
649,Account,O
649,Summary,O
649,Statement,O
649,Period,O
649,:,O
649,January,B-Period
649,2024,I-Period
649,Opening,O
649,Balance,O
649,:,O
649,"$8,648.86",O
649,Closing,O
649,Balance,O
649,:,O
649,"$12,576.07",B-Balance
649,This,O
649,statement,O
649,is,O
649,generated,O
649,automatically,O
649,each,O
649,cycle.,O
650,Ethan,B-Account
650,Brooks,I-Account
650,Account,O
650,Summary,O
650,Statement,O
650,Period,O
650,:,O
650,January,B-Period
650,2024,I-Period
650,Opening,O
650,Balance,O
650,:,O
650,"$6,365.82",O
650,Closing,O
650,Balance,O
650,:,O
650,"$11,542.24",B-Balance
650,This,O
650,statement,O
650,is,O
650,generated,O
650,automatically,O
650,each,O
650,cycle.,O
651,Samuel,B-Account
651,Okafor,I-Account
651,Account,O
651,Summary,O
651,Statement,O
651,Period,O
651,:,O
651,February,B-Period
651,2025,I-Period
651,Opening,O
651,Balance,O
651,:,O
651,"$8,135.54",O
651,Closing,O
651,Balance,O
651,:,O
651,"$14,852.40",B-Balance
651,This,O
651,statement,O
651,is,O
651,generated,O
651,automatically,O
651,each,O
651,cycle.,O
652,David,B-Account
652,Nakamura,I-Account
652,Account,O
652,Summary,O
652,Statement,O
652,Period,O
652,:,O
652,July,B-Period
652,2026,I-Period
652,Opening,O
652,Balance,O
652,:,O
652,$223.94,O
652,Closing,O
652,Balance,O
652,:,O
652,"$6,567.12",B-Balance
652,This,O
652,statement,O
652,is,O
652,generated,O
652,automatically,O
652,each,O
652,cycle.,O
653,Ethan,B-Account
653,Brooks,I-Account
653,Account,O
653,Summary,O
653,Statement,O
653,Period,O
653,:,O
653,April,B-Period
653,2024,I-Period
653,Opening,O
653,Balance,O
653,:,O
653,"$11,384.15",O
653,Closing,O
653,Balance,O
653,:,O
653,"$9,001.96",B-Balance
653,This,O
653,statement,O
653,is,O
653,generated,O
653,automatically,O
653,each,O
653,cycle.,O
654,Lucas,B-Account
654,Ferreira,I-Account
654,Account,O
654,Summary,O
654,Statement,O
654,Period,O
654,:,O
654,August,B-Period
654,2024,I-Period
654,Opening,O
654,Balance,O
654,:,O
654,"$4,861.86",O
654,Closing,O
654,Balance,O
654,:,O
654,"$14,899.47",B-Balance
654,This,O
654,statement,O
654,is,O
654,generated,O
654,automatically,O
654,each,O
654,cycle.,O
655,Elena,B-Account
655,Torres,I-Account
655,Account,O
655,Summary,O
655,Statement,O
655,Period,O
655,:,O
655,July,B-Period
655,2023,I-Period
655,Opening,O
655,Balance,O
655,:,O
655,"$4,194.26",O
655,Closing,O
655,Balance,O
655,:,O
655,"$8,383.21",B-Balance
655,This,O
655,statement,O
655,is,O
655,generated,O
655,automatically,O
655,each,O
655,cycle.,O
656,Ethan,B-Account
656,Brooks,I-Account
656,Account,O
656,Summary,O
656,Statement,O
656,Period,O
656,:,O
656,February,B-Period
656,2025,I-Period
656,Opening,O
656,Balance,O
656,:,O
656,"$11,669.02",O
656,Closing,O
656,Balance,O
656,:,O
656,"$10,433.62",B-Balance
656,This,O
656,statement,O
656,is,O
656,generated,O
656,automatically,O
656,each,O
656,cycle.,O
657,Lucas,B-Account
657,Ferreira,I-Account
657,Account,O
657,Summary,O
657,Statement,O
657,Period,O
657,:,O
657,December,B-Period
657,2023,I-Period
657,Opening,O
657,Balance,O
657,:,O
657,"$9,586.48",O
657,Closing,O
657,Balance,O
657,:,O
657,"$13,676.00",B-Balance
657,This,O
657,statement,O
657,is,O
657,generated,O
657,automatically,O
657,each,O
657,cycle.,O
658,Grace,B-Account
658,Lindqvist,I-Account
658,Account,O
658,Summary,O
658,Statement,O
658,Period,O
658,:,O
658,April,B-Period
658,2026,I-Period
658,Opening,O
658,Balance,O
658,:,O
658,"$3,847.87",O
658,Closing,O
658,Balance,O
658,:,O
658,"$9,526.13",B-Balance
658,This,O
658,statement,O
658,is,O
658,generated,O
658,automatically,O
658,each,O
658,cycle.,O
659,Grace,B-Account
659,Lindqvist,I-Account
659,Account,O
659,Summary,O
659,Statement,O
659,Period,O
659,:,O
659,September,B-Period
659,2023,I-Period
659,Opening,O
659,Balance,O
659,:,O
659,"$2,059.88",O
659,Closing,O
659,Balance,O
659,:,O
659,"$12,588.80",B-Balance
659,This,O
659,statement,O
659,is,O
659,generated,O
659,automatically,O
659,each,O
659,cycle.,O
